ts_code_income,ann_date_income,f_ann_date_income,end_date,report_type_income,comp_type_income,end_type_income,basic_eps,diluted_eps,total_revenue,revenue,int_income,prem_earned,comm_income,n_commis_income,n_oth_income,n_oth_b_income,prem_income,out_prem,une_prem_reser,reins_income,n_sec_tb_income,n_sec_uw_income,n_asset_mg_income,oth_b_income,fv_value_chg_gain,invest_income,ass_invest_income,forex_gain,total_cogs,oper_cost,int_exp,comm_exp,biz_tax_surchg,sell_exp,admin_exp,fin_exp,assets_impair_loss,prem_refund,compens_payout,reser_insur_liab,div_payt,reins_exp,oper_exp,compens_payout_refu,insur_reser_refu,reins_cost_refund,other_bus_cost,operate_profit,non_oper_income,non_oper_exp,nca_disploss,total_profit,income_tax,n_income,n_income_attr_p,minority_gain,oth_compr_income,t_compr_income,compr_inc_attr_p,compr_inc_attr_m_s,ebit,ebitda,insurance_exp,undist_profit,distable_profit,rd_exp,fin_exp_int_exp,fin_exp_int_inc,transfer_surplus_rese,transfer_housing_imprest,transfer_oth,adj_lossgain,withdra_legal_surplus,withdra_legal_pubfund,withdra_biz_devfund,withdra_rese_fund,withdra_oth_ersu,workers_welfare,distr_profit_shrhder,prfshare_payable_dvd,comshare_payable_dvd,capit_comstock_div,continued_net_profit,update_flag_income,ts_code_balance,ann_date_balance,f_ann_date_balance,report_type_balance,comp_type_balance,end_type_balance,total_share,cap_rese,undistr_porfit,surplus_rese,special_rese,money_cap,trad_asset,notes_receiv,accounts_receiv,oth_receiv,prepayment,div_receiv,int_receiv,inventories,amor_exp,nca_within_1y,sett_rsrv,loanto_oth_bank_fi,premium_receiv,reinsur_receiv,reinsur_res_receiv,pur_resale_fa,oth_cur_assets,total_cur_assets,fa_avail_for_sale,htm_invest,lt_eqt_invest,invest_real_estate,time_deposits,oth_assets,lt_rec,fix_assets,cip,const_materials,fixed_assets_disp,produc_bio_assets,oil_and_gas_assets,intan_assets,r_and_d,goodwill,lt_amor_exp,defer_tax_assets,decr_in_disbur,oth_nca,total_nca,cash_reser_cb,depos_in_oth_bfi,prec_metals,deriv_assets,rr_reins_une_prem,rr_reins_outstd_cla,rr_reins_lins_liab,rr_reins_lthins_liab,refund_depos,ph_pledge_loans,refund_cap_depos,indep_acct_assets,client_depos,client_prov,transac_seat_fee,invest_as_receiv,total_assets,lt_borr,st_borr,cb_borr,depos_ib_deposits,loan_oth_bank,trading_fl,notes_payable,acct_payable,adv_receipts,sold_for_repur_fa,comm_payable,payroll_payable,taxes_payable,int_payable,div_payable,oth_payable,acc_exp,deferred_inc,st_bonds_payable,payable_to_reinsurer,rsrv_insur_cont,acting_trading_sec,acting_uw_sec,non_cur_liab_due_1y,oth_cur_liab,total_cur_liab,bond_payable,lt_payable,specific_payables,estimated_liab,defer_tax_liab,defer_inc_non_cur_liab,oth_ncl,total_ncl,depos_oth_bfi,deriv_liab,depos,agency_bus_liab,oth_liab,prem_receiv_adva,depos_received,ph_invest,reser_une_prem,reser_outstd_claims,reser_lins_liab,reser_lthins_liab,indept_acc_liab,pledge_borr,indem_payable,policy_div_payable,total_liab,treasury_share,ordin_risk_reser,forex_differ,invest_loss_unconf,minority_int,total_hldr_eqy_exc_min_int,total_hldr_eqy_inc_min_int,total_liab_hldr_eqy,lt_payroll_payable,oth_comp_income,oth_eqt_tools,oth_eqt_tools_p_shr,lending_funds,acc_receivable,st_fin_payable,payables,hfs_assets,hfs_sales,cost_fin_assets,fair_value_fin_assets,contract_assets,contract_liab,accounts_receiv_bill,accounts_pay,oth_rcv_total,fix_assets_total,cip_total,oth_pay_total,long_pay_total,debt_invest,oth_debt_invest,update_flag_balance,ts_code,ann_date,f_ann_date,comp_type,report_type,end_type,net_profit,finan_exp,c_fr_sale_sg,recp_tax_rends,n_depos_incr_fi,n_incr_loans_cb,n_inc_borr_oth_fi,prem_fr_orig_contr,n_incr_insured_dep,n_reinsur_prem,n_incr_disp_tfa,ifc_cash_incr,n_incr_disp_faas,n_incr_loans_oth_bank,n_cap_incr_repur,c_fr_oth_operate_a,c_inf_fr_operate_a,c_paid_goods_s,c_paid_to_for_empl,c_paid_for_taxes,n_incr_clt_loan_adv,n_incr_dep_cbob,c_pay_claims_orig_inco,pay_handling_chrg,pay_comm_insur_plcy,oth_cash_pay_oper_act,st_cash_out_act,n_cashflow_act,oth_recp_ral_inv_act,c_disp_withdrwl_invest,c_recp_return_invest,n_recp_disp_fiolta,n_recp_disp_sobu,stot_inflows_inv_act,c_pay_acq_const_fiolta,c_paid_invest,n_disp_subs_oth_biz,oth_pay_ral_inv_act,n_incr_pledge_loan,stot_out_inv_act,n_cashflow_inv_act,c_recp_borrow,proc_issue_bonds,oth_cash_recp_ral_fnc_act,stot_cash_in_fnc_act,free_cashflow,c_prepay_amt_borr,c_pay_dist_dpcp_int_exp,incl_dvd_profit_paid_sc_ms,oth_cashpay_ral_fnc_act,stot_cashout_fnc_act,n_cash_flows_fnc_act,eff_fx_flu_cash,n_incr_cash_cash_equ,c_cash_equ_beg_period,c_cash_equ_end_period,c_recp_cap_contrib,incl_cash_rec_saims,uncon_invest_loss,prov_depr_assets,depr_fa_coga_dpba,amort_intang_assets,lt_amort_deferred_exp,decr_deferred_exp,incr_acc_exp,loss_disp_fiolta,loss_scr_fa,loss_fv_chg,invest_loss,decr_def_inc_tax_assets,incr_def_inc_tax_liab,decr_inventories,decr_oper_payable,incr_oper_payable,others,im_net_cashflow_oper_act,conv_debt_into_cap,conv_copbonds_due_within_1y,fa_fnc_leases,im_n_incr_cash_equ,net_dism_capital_add,net_cash_rece_sec,credit_impa_loss,use_right_asset_dep,oth_loss_asset,end_bal_cash,beg_bal_cash,end_bal_cash_equ,beg_bal_cash_equ,update_flag
688472.SH,20250429,20250429,20250331,1,1,1,0.01,0.01,8585581523.55,8585581523.55,,,,,,,,,,,,,,,-14789833.51,-56678381.79,5278555.43,,8987853057.17,8005845474.13,,,35481870.45,256242816.04,433885898.72,5075542.03,-61624441.35,,,,,,,,,,,-8699135.23,16266592.65,25503306.77,,-17935849.35,-62885434.87,44949585.52,47258234.74,-2308649.22,78799531.65,123749117.17,126057766.39,-2308649.22,136667460.53,,,,,173509323.43,162833905.42,57463034.13,,,,,,,,,,,,,,,44949585.52,1,688472.SH,20250429,20250429,1,1,1,3688217324.0,7876653750.49,11980726826.9,198658135.88,,10787183757.14,1904440814.7,880210668.13,7369161522.25,,1296507078.86,,,9122232301.31,,,,,,,,,1622377370.05,36586682436.21,,,401314969.47,,,,,16173556977.26,5187761522.4,,,,,804346655.56,,,1450856801.06,2586239971.62,,721952634.4,29819057914.44,,,,4961539.72,,,,,,,,,,,,,66405740350.65,6505750605.99,7600464885.71,,,,,4115832850.77,7152674956.01,,,,430844260.37,1235323787.4,,,,,,,,,,,2839502324.71,54510418.25,32412687735.2,,,,657231257.51,132871533.56,1231599613.65,876304508.05,11120723939.55,,23510894.7,,,,,,,,,,,,,,,43533411674.75,719937272.21,,,,-27064521.0,22899393196.9,22872328675.9,66405740350.65,,-124925568.16,,,,,,,,,,,2477977569.4,3477638623.33,8249372190.38,11268507806.78,850824572.4,16173556977.26,5187761522.4,5482384733.95,2208356.77,,,1,688472.SH,20250429,20250429,1,1,1,,,22408565333.29,6527.61,,,,,,,,,,,,2732194097.16,25140765958.06,16909227166.99,1445255676.34,1154245767.9,,,,,,4247002633.61,23755731244.84,1385034713.22,,385182844.73,45491096.62,943844.95,,431617786.3,1836898722.71,439252006.04,,,,2276150728.75,-1844532942.45,3947314168.2,,1404834145.38,5352148313.58,,3569620178.91,121778847.44,,835411498.52,4526810524.87,825337788.71,12187059.93,378026619.41,7806646753.41,8184673372.82,,,,,,,,,,,,,,,,,,,,,,,,,,,,,,,,,,0
688472.SH,20250429,20250429,20250331,1,1,1,0.01,0.01,8585581523.55,8585581523.55,,,,,,,,,,,,,,,-14789833.51,-56678381.79,5278555.43,,8987853057.17,8005845474.13,,,35481870.45,256242816.04,433885898.72,5075542.03,-61624441.35,,,,,,,,,,,-8699135.23,16266592.65,25503306.77,,-17935849.35,-62885434.87,44949585.52,47258234.74,-2308649.22,78799531.65,123749117.17,126057766.39,-2308649.22,136667460.53,,,,,173509323.43,162833905.42,57463034.13,,,,,,,,,,,,,,,44949585.52,1,688472.SH,20250429,20250429,1,1,1,3688217324.0,7876653750.49,11980726826.9,198658135.88,,10787183757.14,1904440814.7,880210668.13,7369161522.25,,1296507078.86,,,9122232301.31,,,,,,,,,1622377370.05,36586682436.21,,,401314969.47,,,,,16173556977.26,5187761522.4,,,,,804346655.56,,,1450856801.06,2586239971.62,,721952634.4,29819057914.44,,,,4961539.72,,,,,,,,,,,,,66405740350.65,6505750605.99,7600464885.71,,,,,4115832850.77,7152674956.01,,,,430844260.37,1235323787.4,,,,,,,,,,,2839502324.71,54510418.25,32412687735.2,,,,657231257.51,132871533.56,1231599613.65,876304508.05,11120723939.55,,23510894.7,,,,,,,,,,,,,,,43533411674.75,719937272.21,,,,-27064521.0,22899393196.9,22872328675.9,66405740350.65,,-124925568.16,,,,,,,,,,,2477977569.4,3477638623.33,8249372190.38,11268507806.78,850824572.4,16173556977.26,5187761522.4,5482384733.95,2208356.77,,,1,688472.SH,20250429,20250429,1,1,1,,,22408565333.29,6527.61,,,,,,,,,,,,2732194097.16,25140765958.06,16909227166.99,1445255676.34,1154245767.9,,,,,,4247002633.61,23755731244.84,1385034713.22,,385182844.73,45491096.62,943844.95,,431617786.3,1836898722.71,439252006.04,,,,2276150728.75,-1844532942.45,3947314168.2,,1404834145.38,5352148313.58,-2746702670.36,3569620178.91,121778847.44,,835411498.52,4526810524.87,825337788.71,12187059.93,378026619.41,7806646753.41,8184673372.82,,,,,,,,,,,,,,,,,,,,,,,,,,,,,,,,,,1
688472.SH,20250429,20250429,20241231,1,1,4,0.61,0.61,46165009326.63,46165009326.63,,,,,,,,,,,,,,,-13115099.09,-104452964.93,31526750.76,,44627889529.27,39241381246.48,,,141143957.01,1106562118.78,1561887844.43,38656339.61,-1564854040.79,,,,,,,,,,,2483296382.94,153878473.85,57440403.24,,2579734453.55,345121624.55,2234612829.0,2247350176.49,-12737347.49,7987186.69,2242600015.69,2255629634.32,-13029618.63,3122456989.7,6653640429.35,,,,856647263.53,486335271.55,291536320.67,,,,,,,,,,,,,,,2234612829.0,1,688472.SH,20250429,20250429,1,1,4,3688217324.0,7851247693.96,11933468592.16,198658135.88,,11688826909.43,2034882788.51,861481990.38,9155179851.63,914947840.43,659388304.28,,,7163763035.24,,,,,,,,,1512341392.54,36417973500.1,,,396036414.04,,,,,16852039016.37,4145424210.0,,,,,814944781.53,,,1398527116.94,2212763910.66,,966343152.46,28940752274.84,,,,92806634.35,,,,,,,,,,,,,65358725774.94,6368795253.15,7963341808.45,,,,,4582688810.15,6262635437.93,,,,345496157.6,918855295.82,,,6457923476.87,,,,,,,,2222200018.84,56506789.55,31875505621.48,,2234604.13,0.0,621000125.23,117432957.46,1208669987.9,856754597.79,10606459980.86,,98752064.87,,,,,,,,,,,,,,,42481965602.34,566350601.81,,,,-24755871.78,22901516044.38,22876760172.6,65358725774.94,,-203725099.81,,,,,,,,,,,2195888307.53,2967105761.4,10016661842.01,10845324248.08,914947840.43,16852039016.37,4145424210.0,6457923476.87,2234604.13,,,0,688472.SH,20250429,20250429,1,1,4,2234612829.0,486335271.55,47341620296.58,42918548.16,,,,,,,,,,,,6334479031.29,53719017876.03,36249246782.16,3962299757.13,2147238414.09,,,,,,8929994209.46,51288779162.84,2430238713.19,,121608050.19,201487060.32,49383241.9,18554068.43,391032420.84,7868049288.5,2511492798.21,,,,10379542086.71,-9988509665.87,10208253369.03,,5502302530.17,15710555899.2,,6086432726.47,831422842.71,,5254801371.56,12172656940.74,3537898958.46,-28184436.92,-4048556431.14,11855203184.55,7806646753.41,,,,1564854040.79,3145418642.8,43974975.64,118298767.79,,,3262927.98,25472560.65,13115099.09,104452964.93,-649213769.3,-4836018.24,-451098564.1,-1241398685.79,-3395523382.29,,2430238713.19,,,,-4048556431.14,,,116756718.64,223491053.42,,7806646753.41,11855203184.55,,,0
688472.SH,20250429,20250429,20241231,1,1,4,0.61,0.61,46165009326.63,46165009326.63,,,,,,,,,,,,,,,-13115099.09,-104452964.93,31526750.76,,44627889529.27,39241381246.48,,,141143957.01,1106562118.78,1561887844.43,38656339.61,-1564854040.79,,,,,,,,,,,2483296382.94,153878473.85,57440403.24,,2579734453.55,345121624.55,2234612829.0,2247350176.49,-12737347.49,7987186.69,2242600015.69,2255629634.32,-13029618.63,3122456989.7,6653640429.35,,,,856647263.53,486335271.55,291536320.67,,,,,,,,,,,,,,,2234612829.0,1,688472.SH,20250429,20250429,1,1,4,3688217324.0,7851247693.96,11933468592.16,198658135.88,,11688826909.43,2034882788.51,861481990.38,9155179851.63,914947840.43,659388304.28,,,7163763035.24,,,,,,,,,1512341392.54,36417973500.1,,,396036414.04,,,,,16852039016.37,4145424210.0,,,,,814944781.53,,,1398527116.94,2212763910.66,,966343152.46,28940752274.84,,,,92806634.35,,,,,,,,,,,,,65358725774.94,6368795253.15,7963341808.45,,,,,4582688810.15,6262635437.93,,,,345496157.6,918855295.82,,,6457923476.87,,,,,,,,2222200018.84,56506789.55,31875505621.48,,2234604.13,0.0,621000125.23,117432957.46,1208669987.9,856754597.79,10606459980.86,,98752064.87,,,,,,,,,,,,,,,42481965602.34,566350601.81,,,,-24755871.78,22901516044.38,22876760172.6,65358725774.94,,-203725099.81,,,,,,,,,,,2195888307.53,2967105761.4,10016661842.01,10845324248.08,914947840.43,16852039016.37,4145424210.0,6457923476.87,2234604.13,,,0,688472.SH,20250429,20250429,1,1,4,2234612829.0,486335271.55,47341620296.58,42918548.16,,,,,,,,,,,,6334479031.29,53719017876.03,36249246782.16,3962299757.13,2147238414.09,,,,,,8929994209.46,51288779162.84,2430238713.19,,121608050.19,201487060.32,49383241.9,18554068.43,391032420.84,7868049288.5,2511492798.21,,,,10379542086.71,-9988509665.87,10208253369.03,,5502302530.17,15710555899.2,-10727916523.6516,6086432726.47,831422842.71,,5254801371.56,12172656940.74,3537898958.46,-28184436.92,-4048556431.14,11855203184.55,7806646753.41,,,,1564854040.79,3145418642.8,43974975.64,118298767.79,,,3262927.98,25472560.65,13115099.09,104452964.93,-649213769.3,-4836018.24,-451098564.1,-1241398685.79,-3395523382.29,,2430238713.19,,,,-4048556431.14,,,116756718.64,223491053.42,,7806646753.41,11855203184.55,,,1
688472.SH,20241030,20241030,20240930,1,1,3,0.53,0.53,34178266448.31,34178266448.31,,,,,,,,,,,,,,,60767152.45,-22669782.44,22064271.87,,32621034991.93,29066240967.29,,,99702041.26,788092278.7,1088017006.27,66469089.91,-794549025.88,,,,,,,,,,,2148591964.26,149384961.27,43278846.22,,2254698079.31,324240184.39,1930457894.92,1954902080.37,-24444185.45,128976305.88,2059434200.8,2083878386.25,-24444185.45,2970833097.93,,,,,639037847.32,359902865.73,232448958.09,,,,,,,,,,,,,,,1930457894.92,1,688472.SH,20241030,20241030,1,1,3,3688217324.0,7829571113.63,11725735217.86,113943414.51,,15090761852.82,881887584.62,900916275.11,7513556856.24,,788623903.37,,,8804949282.76,,,,,,,,,1646906858.37,38102482538.26,,,391079424.76,,,,,17865466561.86,3653522820.05,,,,,820931988.51,,,1353599639.21,2142877552.45,,778558938.31,28723358351.58,,,,82271433.73,,,,,,,,,,,,,66825840889.84,6001846961.32,8305304163.57,,,,,4259960013.27,6205194736.21,,,,383191127.93,1024062960.27,,,,,,,,,,,2680526337.7,60184826.15,34101290843.4,,,,679720229.29,219580518.0,1208563806.86,887375577.12,9965849590.27,,22818678.67,,,,,,,,,,,,,,,44067140433.67,552793132.47,,,,37054770.4,22721645685.77,22758700456.17,66825840889.84,,-83028251.76,,,,,,,,,,,1555570746.61,4009958431.45,8414473131.35,10465154749.48,574007214.05,17865466561.86,3653522820.05,7150089568.18,560000.0,,,0,688472.SH,20241030,20241030,1,1,3,,,49438069242.8,9291725.05,,,,,,,,,,,,5405799653.31,54853160621.16,41335127875.63,2925155515.8,1643802924.04,,,,,,6473560228.59,52377646544.06,2475514077.1,,128144694.67,148085284.71,51966963.67,18554068.43,346751011.48,6361028568.44,1243921996.53,,,,7604950564.97,-7258199553.49,11303215874.64,,4129008695.17,15432224569.81,-12024979015.9113,6914794953.6,734493032.55,,4191237642.35,11840525628.5,3591698941.31,6178898.76,-1184807636.32,11855203184.55,10670395548.23,,,,,,,,,,,,,,,,,,,,,,,,,,,,,,,,,,1
688472.SH,20241030,20241030,20240930,1,1,3,0.53,0.53,34178266448.31,34178266448.31,,,,,,,,,,,,,,,60767152.45,-22669782.44,22064271.87,,32621034991.93,29066240967.29,,,99702041.26,788092278.7,1088017006.27,66469089.91,-794549025.88,,,,,,,,,,,2148591964.26,149384961.27,43278846.22,,2254698079.31,324240184.39,1930457894.92,1954902080.37,-24444185.45,128976305.88,2059434200.8,2083878386.25,-24444185.45,2970833097.93,,,,,639037847.32,359902865.73,232448958.09,,,,,,,,,,,,,,,1930457894.92,1,688472.SH,20241030,20241030,1,1,3,3688217324.0,7829571113.63,11725735217.86,113943414.51,,15090761852.82,881887584.62,900916275.11,7513556856.24,,788623903.37,,,8804949282.76,,,,,,,,,1646906858.37,38102482538.26,,,391079424.76,,,,,17865466561.86,3653522820.05,,,,,820931988.51,,,1353599639.21,2142877552.45,,778558938.31,28723358351.58,,,,82271433.73,,,,,,,,,,,,,66825840889.84,6001846961.32,8305304163.57,,,,,4259960013.27,6205194736.21,,,,383191127.93,1024062960.27,,,,,,,,,,,2680526337.7,60184826.15,34101290843.4,,,,679720229.29,219580518.0,1208563806.86,887375577.12,9965849590.27,,22818678.67,,,,,,,,,,,,,,,44067140433.67,552793132.47,,,,37054770.4,22721645685.77,22758700456.17,66825840889.84,,-83028251.76,,,,,,,,,,,1555570746.61,4009958431.45,8414473131.35,10465154749.48,574007214.05,17865466561.86,3653522820.05,7150089568.18,560000.0,,,0,688472.SH,20241030,20241030,1,1,3,,,49438069242.8,9291725.05,,,,,,,,,,,,5405799653.31,54853160621.16,41335127875.63,2925155515.8,1643802924.04,,,,,,6473560228.59,52377646544.06,2475514077.1,,128144694.67,148085284.71,51966963.67,18554068.43,346751011.48,6361028568.44,1243921996.53,,,,7604950564.97,-7258199553.49,11303215874.64,,4129008695.17,15432224569.81,,6914794953.6,734493032.55,,4191237642.35,11840525628.5,3591698941.31,6178898.76,-1184807636.32,11855203184.55,10670395548.23,,,,,,,,,,,,,,,,,,,,,,,,,,,,,,,,,,0
688472.SH,20241030,20241030,20240930,1,1,3,0.53,0.53,34178266448.31,34178266448.31,,,,,,,,,,,,,,,60767152.45,-22669782.44,22064271.87,,32621034991.93,29066240967.29,,,99702041.26,788092278.7,1088017006.27,66469089.91,-794549025.88,,,,,,,,,,,2148591964.26,149384961.27,43278846.22,,2254698079.31,324240184.39,1930457894.92,1954902080.37,-24444185.45,128976305.88,2059434200.8,2083878386.25,-24444185.45,,,,,,639037847.32,359902865.73,232448958.09,,,,,,,,,,,,,,,1930457894.92,0,688472.SH,20241030,20241030,1,1,3,3688217324.0,7829571113.63,11725735217.86,113943414.51,,15090761852.82,881887584.62,900916275.11,7513556856.24,,788623903.37,,,8804949282.76,,,,,,,,,1646906858.37,38102482538.26,,,391079424.76,,,,,17865466561.86,3653522820.05,,,,,820931988.51,,,1353599639.21,2142877552.45,,778558938.31,28723358351.58,,,,82271433.73,,,,,,,,,,,,,66825840889.84,6001846961.32,8305304163.57,,,,,4259960013.27,6205194736.21,,,,383191127.93,1024062960.27,,,,,,,,,,,2680526337.7,60184826.15,34101290843.4,,,,679720229.29,219580518.0,1208563806.86,887375577.12,9965849590.27,,22818678.67,,,,,,,,,,,,,,,44067140433.67,552793132.47,,,,37054770.4,22721645685.77,22758700456.17,66825840889.84,,-83028251.76,,,,,,,,,,,1555570746.61,4009958431.45,8414473131.35,10465154749.48,574007214.05,17865466561.86,3653522820.05,7150089568.18,560000.0,,,0,688472.SH,20241030,20241030,1,1,3,,,49438069242.8,9291725.05,,,,,,,,,,,,5405799653.31,54853160621.16,41335127875.63,2925155515.8,1643802924.04,,,,,,6473560228.59,52377646544.06,2475514077.1,,128144694.67,148085284.71,51966963.67,18554068.43,346751011.48,6361028568.44,1243921996.53,,,,7604950564.97,-7258199553.49,11303215874.64,,4129008695.17,15432224569.81,-12024979015.9113,6914794953.6,734493032.55,,4191237642.35,11840525628.5,3591698941.31,6178898.76,-1184807636.32,11855203184.55,10670395548.23,,,,,,,,,,,,,,,,,,,,,,,,,,,,,,,,,,1
688472.SH,20241030,20241030,20240930,1,1,3,0.53,0.53,34178266448.31,34178266448.31,,,,,,,,,,,,,,,60767152.45,-22669782.44,22064271.87,,32621034991.93,29066240967.29,,,99702041.26,788092278.7,1088017006.27,66469089.91,-794549025.88,,,,,,,,,,,2148591964.26,149384961.27,43278846.22,,2254698079.31,324240184.39,1930457894.92,1954902080.37,-24444185.45,128976305.88,2059434200.8,2083878386.25,-24444185.45,,,,,,639037847.32,359902865.73,232448958.09,,,,,,,,,,,,,,,1930457894.92,0,688472.SH,20241030,20241030,1,1,3,3688217324.0,7829571113.63,11725735217.86,113943414.51,,15090761852.82,881887584.62,900916275.11,7513556856.24,,788623903.37,,,8804949282.76,,,,,,,,,1646906858.37,38102482538.26,,,391079424.76,,,,,17865466561.86,3653522820.05,,,,,820931988.51,,,1353599639.21,2142877552.45,,778558938.31,28723358351.58,,,,82271433.73,,,,,,,,,,,,,66825840889.84,6001846961.32,8305304163.57,,,,,4259960013.27,6205194736.21,,,,383191127.93,1024062960.27,,,,,,,,,,,2680526337.7,60184826.15,34101290843.4,,,,679720229.29,219580518.0,1208563806.86,887375577.12,9965849590.27,,22818678.67,,,,,,,,,,,,,,,44067140433.67,552793132.47,,,,37054770.4,22721645685.77,22758700456.17,66825840889.84,,-83028251.76,,,,,,,,,,,1555570746.61,4009958431.45,8414473131.35,10465154749.48,574007214.05,17865466561.86,3653522820.05,7150089568.18,560000.0,,,0,688472.SH,20241030,20241030,1,1,3,,,49438069242.8,9291725.05,,,,,,,,,,,,5405799653.31,54853160621.16,41335127875.63,2925155515.8,1643802924.04,,,,,,6473560228.59,52377646544.06,2475514077.1,,128144694.67,148085284.71,51966963.67,18554068.43,346751011.48,6361028568.44,1243921996.53,,,,7604950564.97,-7258199553.49,11303215874.64,,4129008695.17,15432224569.81,,6914794953.6,734493032.55,,4191237642.35,11840525628.5,3591698941.31,6178898.76,-1184807636.32,11855203184.55,10670395548.23,,,,,,,,,,,,,,,,,,,,,,,,,,,,,,,,,,0
688472.SH,20240823,20240823,20240630,1,1,2,0.34,0.34,21958014269.24,21958014269.24,,,,,,,,,,,,,,,24587760.47,-43301900.16,17991324.8,,20872566838.9,18493003183.84,,,65955202.04,503643046.31,713055801.03,2927216.9,-638268825.41,,,,,,,,,,,1362297650.61,142909461.6,36526375.61,,1468680736.6,252734195.32,1215946541.28,1239289475.88,-23342934.61,-281383541.79,934562999.49,957905934.09,-23342934.61,,,,,,422960935.87,238199236.59,160504416.0,,,,,,,,,,,,,,,1215946541.28,1,688472.SH,20240823,20240823,1,1,2,3688217324.0,7827655703.64,11010122612.92,113943414.51,,12960668424.57,983096469.7,811833467.42,7555425468.63,357887813.63,1018501704.19,,,8473744735.2,,,,,,,,,1405706902.44,35708600295.22,,,387600424.13,,,,,17265855192.98,3922097257.48,,,,,830746970.76,,,348719963.28,1937267953.6,,1725823398.71,28116999122.51,,,,40000036.09,,,,,,,,,,,,,63825599417.73,5866039926.09,4835282055.13,,,,,5455645596.39,5566294327.05,,,,373515968.55,783591722.65,0.0,435512974.78,7844985147.84,,,,,,,,2484460449.32,66373018.68,32361196625.46,,1822386.19,0.0,617874963.55,220895034.43,1155154079.62,934678496.0,9782221799.2,,2034261.39,,,,,,,,,,,,,,,42143418424.66,502525983.81,,,,38156021.24,21644024971.83,21682180993.07,63825599417.73,,-493388099.43,,,,,,,,,,,1817665075.77,4513501103.68,8367258936.05,11021939923.44,357887813.63,17265855192.98,3922097257.48,8280498122.62,1822386.19,,,0,688472.SH,20240823,20240823,1,1,2,1215946541.28,238199236.59,35417822555.61,2118421.94,,,,,,,,,,,,3239743109.95,38659684087.5,30527999092.33,2048241261.81,1391860914.37,,,,,,3225436445.11,37193537713.62,1466146373.88,,,110218087.68,31608076.79,18554068.43,160380232.9,4672372328.26,1129783860.59,,,,5802156188.85,-5641775955.95,6091099188.04,,3609005747.04,9700104935.08,,5578347158.56,198397116.51,,2633628872.28,8410373147.35,1289731787.73,3401252.08,-2882496542.26,11855203184.55,8972706642.29,,,,638268825.41,1496545851.44,21558847.34,25462395.17,,,1698176.05,19107403.85,-24587760.47,43301900.16,-373717812.24,98626058.73,-1311773056.28,-90594266.13,-743755127.49,,1466146373.88,,,,-2882496542.26,,,32752627.5,102979395.34,,8972706642.29,11855203184.55,,,0
688472.SH,20240427,20240427,20240331,1,1,1,0.16,0.16,9597025639.08,9597025639.08,,,,,,,,,,,,,,,-29219952.19,-31078683.79,6663942.6,,9091917788.51,7893640680.45,,,32768534.27,310662786.66,346161076.91,22847303.91,-227890269.92,,,,,,,,,,,540755620.4,137503502.15,11543149.25,,666715973.3,111822524.47,554893448.83,578756053.09,-23862604.26,-240199527.2,314693921.63,338556525.89,-23862604.26,844125890.58,,,,,240842106.66,114082225.01,90488193.69,,,,,,,,,,,,,,,554893448.83,1,688472.SH,20240427,20240427,1,1,1,3688217324.0,7819609076.33,10785102164.91,113943414.51,,18714051237.39,90034953.44,1305055362.61,5533151225.95,,1260078001.1,,,9782372700.96,,,,,,,,,1497499033.64,40111837521.33,,,380991344.48,,,,,,,,,,,848354907.37,,,328676575.81,1932946065.9,,1456775788.35,27471962122.33,,,,28407407.57,,,,,,,,,,,,,67583799643.66,5536809881.86,7099485302.65,,,,,6354333202.78,5919041070.54,,,,432458730.79,775018634.6,,,,,,,,,,,2317044661.11,58215385.99,36251370293.96,,,,595290159.26,198038155.31,1269909156.79,678242433.97,9340125103.2,,53068929.16,,,,,,,,,,,,,,,45591495397.16,,,,,37636351.59,21954667894.91,21992304246.5,67583799643.66,,-452204084.84,,,,,,,,,,,1166484170.38,4482445273.85,6838206588.56,12273374273.32,344532321.88,16355646141.28,4475136741.08,8760259102.49,50560000.0,,,0,688472.SH,20240427,20240427,1,1,1,,,23027138942.62,2118421.94,,,,,,,,,,,,2078298742.24,25107556106.8,22657715511.49,1001648856.45,1058021913.89,,,,,,1231838808.0,25949225089.83,-841668983.03,,,56196274.41,137236316.25,,193432590.66,2016278000.72,123938900.8,,,,2140216901.52,-1946784310.86,5197495214.91,,1418368032.35,6615863247.26,-4187974189.4638,1987360000.0,96277836.79,,657627727.91,2741265564.7,3874597682.56,-18230276.47,1067914112.21,11855203184.55,12923117296.76,,,,,,,,,,,,,,,,,,,,,,,,,,,,,,,,,,1
688472.SH,20240427,20240427,20240331,1,1,1,0.16,0.16,9597025639.08,9597025639.08,,,,,,,,,,,,,,,-29219952.19,-31078683.79,6663942.6,,9091917788.51,7893640680.45,,,32768534.27,310662786.66,346161076.91,22847303.91,-227890269.92,,,,,,,,,,,540755620.4,137503502.15,11543149.25,,666715973.3,111822524.47,554893448.83,578756053.09,-23862604.26,-240199527.2,314693921.63,338556525.89,-23862604.26,844125890.58,,,,,240842106.66,114082225.01,90488193.69,,,,,,,,,,,,,,,554893448.83,1,688472.SH,20240427,20240427,1,1,1,3688217324.0,7819609076.33,10785102164.91,113943414.51,,18714051237.39,90034953.44,1305055362.61,5533151225.95,,1260078001.1,,,9782372700.96,,,,,,,,,1497499033.64,40111837521.33,,,380991344.48,,,,,16355646141.28,4475136741.08,,,,,848354907.37,,,328676575.81,1932946065.9,,1456775788.35,27471962122.33,,,,28407407.57,,,,,,,,,,,,,67583799643.66,5536809881.86,7099485302.65,,,,,6354333202.78,5919041070.54,,,,432458730.79,775018634.6,,,,,,,,,,,2317044661.11,58215385.99,36251370293.96,,,,595290159.26,198038155.31,1269909156.79,678242433.97,9340125103.2,,53068929.16,,,,,,,,,,,,,,,45591495397.16,,,,,37636351.59,21954667894.91,21992304246.5,67583799643.66,,-452204084.84,,,,,,,,,,,1166484170.38,4482445273.85,6838206588.56,12273374273.32,344532321.88,16355646141.28,4475136741.08,8760259102.49,50560000.0,,,1,688472.SH,20240427,20240427,1,1,1,,,23027138942.62,2118421.94,,,,,,,,,,,,2078298742.24,25107556106.8,22657715511.49,1001648856.45,1058021913.89,,,,,,1231838808.0,25949225089.83,-841668983.03,,,56196274.41,137236316.25,,193432590.66,2016278000.72,123938900.8,,,,2140216901.52,-1946784310.86,5197495214.91,,1418368032.35,6615863247.26,-4187974189.4638,1987360000.0,96277836.79,,657627727.91,2741265564.7,3874597682.56,-18230276.47,1067914112.21,11855203184.55,12923117296.76,,,,,,,,,,,,,,,,,,,,,,,,,,,,,,,,,,1
688472.SH,20240427,20240427,20231231,1,1,4,0.85,0.85,51309560777.53,51309560777.53,,,,,,,,,,,,,,,116867752.82,-196233132.27,39735139.47,,48385175792.4,44141852813.95,,,161531465.54,1047441055.4,1533581185.64,-118313151.22,-846936781.73,,,,,,,,,,,3443732778.75,28886938.58,279942701.49,,3192677015.84,305670821.79,2887006194.05,2903374460.39,-16368266.34,120990152.65,3007996346.7,3024364613.04,-16368266.34,,,,,,704057353.02,449523597.88,290964910.76,,,,,,,,,,,,,,,2887006194.05,0,688472.SH,20240427,20240427,1,1,4,3688217324.0,7621773553.61,10206346111.82,113943414.51,,18949975864.91,107584139.28,1591499100.65,5584675329.1,789995454.98,1157651526.69,,,7798877135.39,,,,,,,,,1246531869.56,38982875088.61,,,344356440.13,,,,,16758691214.48,4266415193.99,,,,,829021496.29,,,311753993.9,1563550141.36,,980573096.26,26792491895.41,,,,24279992.77,,,,,,,,,,,,,65775366984.02,3422559883.62,6886978231.29,,,,,6220629091.16,5917826241.73,,,,439343416.49,598186184.97,,,8994676771.44,,,,,,,,2336322662.71,53117625.08,37089715590.25,,90743084.41,0.0,747629975.95,122268975.7,1133164993.64,572265135.6,7205876591.62,,37284365.42,,,,,,,,,,,,,,,44295592181.87,,,,,61498955.85,21418275846.3,21479774802.15,65775366984.02,,-212004557.64,,,,,,,,,,,1100211428.91,5605350999.96,7176174429.75,12138455332.89,789995454.98,16758691214.48,4266415193.99,8994676771.44,90743084.41,,,1,688472.SH,20240427,20240427,1,1,4,2887006194.05,449523597.88,62919166134.05,43689283.53,,,,,,,,,,,,5989668380.34,68952523797.92,48059197557.05,3770590393.6,1565816171.7,,,,,,7322343269.07,60717947391.42,8234576406.5,,11035191.0,384600319.54,43714467.55,1030974.83,440380952.92,8204052277.86,947159510.28,,,,9151211788.14,-8710830835.22,13034922546.45,,1134191091.64,20909665571.63,-65049694.8243,9579767226.96,440933347.29,,3694611572.28,13715312146.53,7194353425.1,8330432.14,6726429428.52,5128773756.03,11855203184.55,6740551933.54,3980000.0,,846936781.73,2020221729.37,35899832.37,47338388.08,,,-37100954.71,22296286.43,-116867752.82,196233132.27,-416642925.0,31169344.82,541824655.66,1219496334.19,136175524.94,,8234576406.5,,,,6726429428.52,,,68088288.34,113542308.8,,11855203184.55,5128773756.03,,,1
688472.SH,20240427,20240427,20231231,1,1,4,0.85,0.85,51309560777.53,51309560777.53,,,,,,,,,,,,,,,116867752.82,-196233132.27,39735139.47,,48385175792.4,44141852813.95,,,161531465.54,1047441055.4,1533581185.64,-118313151.22,-846936781.73,,,,,,,,,,,3443732778.75,28886938.58,279942701.49,,3192677015.84,305670821.79,2887006194.05,2903374460.39,-16368266.34,120990152.65,3007996346.7,3024364613.04,-16368266.34,,,,,,704057353.02,449523597.88,290964910.76,,,,,,,,,,,,,,,2887006194.05,0,688472.SH,20240427,20240427,1,1,4,3688217324.0,7621773553.61,10206346111.82,113943414.51,,18949975864.91,107584139.28,1591499100.65,5584675329.1,789995454.98,1157651526.69,,,7798877135.39,,,,,,,,,1246531869.56,38982875088.61,,,344356440.13,,,,,16758691214.48,4266415193.99,,,,,829021496.29,,,311753993.9,1563550141.36,,980573096.26,26792491895.41,,,,24279992.77,,,,,,,,,,,,,65775366984.02,3422559883.62,6886978231.29,,,,,6220629091.16,5917826241.73,,,,439343416.49,598186184.97,,,8994676771.44,,,,,,,,2336322662.71,53117625.08,37089715590.25,,90743084.41,0.0,747629975.95,122268975.7,1133164993.64,572265135.6,7205876591.62,,37284365.42,,,,,,,,,,,,,,,44295592181.87,,,,,61498955.85,21418275846.3,21479774802.15,65775366984.02,,-212004557.64,,,,,,,,,,,1100211428.91,5605350999.96,7176174429.75,12138455332.89,789995454.98,16758691214.48,4266415193.99,8994676771.44,90743084.41,,,0,688472.SH,20240427,20240427,1,1,4,2887006194.05,449523597.88,62919166134.05,43689283.53,,,,,,,,,,,,5989668380.34,68952523797.92,48059197557.05,3770590393.6,1565816171.7,,,,,,7322343269.07,60717947391.42,8234576406.5,,11035191.0,384600319.54,43714467.55,1030974.83,440380952.92,8204052277.86,947159510.28,,,,9151211788.14,-8710830835.22,13034922546.45,,1134191091.64,20909665571.63,-65049694.8243,9579767226.96,440933347.29,,3694611572.28,13715312146.53,7194353425.1,8330432.14,6726429428.52,5128773756.03,11855203184.55,6740551933.54,3980000.0,,846936781.73,2020221729.37,35899832.37,47338388.08,,,-37100954.71,22296286.43,-116867752.82,196233132.27,-416642925.0,31169344.82,541824655.66,1219496334.19,136175524.94,,8234576406.5,,,,6726429428.52,,,68088288.34,113542308.8,,11855203184.55,5128773756.03,,,1
688472.SH,20240427,20240427,20231231,1,1,4,0.85,0.85,51309560777.53,51309560777.53,,,,,,,,,,,,,,,116867752.82,-196233132.27,39735139.47,,48385175792.4,44141852813.95,,,161531465.54,1047441055.4,1533581185.64,-118313151.22,-846936781.73,,,,,,,,,,,3443732778.75,28886938.58,279942701.49,,3192677015.84,305670821.79,2887006194.05,2903374460.39,-16368266.34,120990152.65,3007996346.7,3024364613.04,-16368266.34,3420331155.93,5637333414.55,,,,704057353.02,449523597.88,290964910.76,,,,,,,,,,,,,,,2887006194.05,1,688472.SH,20240427,20240427,1,1,4,3688217324.0,7621773553.61,10206346111.82,113943414.51,,18949975864.91,107584139.28,1591499100.65,5584675329.1,789995454.98,1157651526.69,,,7798877135.39,,,,,,,,,1246531869.56,38982875088.61,,,344356440.13,,,,,16758691214.48,4266415193.99,,,,,829021496.29,,,311753993.9,1563550141.36,,980573096.26,26792491895.41,,,,24279992.77,,,,,,,,,,,,,65775366984.02,3422559883.62,6886978231.29,,,,,6220629091.16,5917826241.73,,,,439343416.49,598186184.97,,,8994676771.44,,,,,,,,2336322662.71,53117625.08,37089715590.25,,90743084.41,0.0,747629975.95,122268975.7,1133164993.64,572265135.6,7205876591.62,,37284365.42,,,,,,,,,,,,,,,44295592181.87,,,,,61498955.85,21418275846.3,21479774802.15,65775366984.02,,-212004557.64,,,,,,,,,,,1100211428.91,5605350999.96,7176174429.75,12138455332.89,789995454.98,16758691214.48,4266415193.99,8994676771.44,90743084.41,,,1,688472.SH,20240427,20240427,1,1,4,2887006194.05,449523597.88,62919166134.05,43689283.53,,,,,,,,,,,,5989668380.34,68952523797.92,48059197557.05,3770590393.6,1565816171.7,,,,,,7322343269.07,60717947391.42,8234576406.5,,11035191.0,384600319.54,43714467.55,1030974.83,440380952.92,8204052277.86,947159510.28,,,,9151211788.14,-8710830835.22,13034922546.45,,1134191091.64,20909665571.63,-65049694.8243,9579767226.96,440933347.29,,3694611572.28,13715312146.53,7194353425.1,8330432.14,6726429428.52,5128773756.03,11855203184.55,6740551933.54,3980000.0,,846936781.73,2020221729.37,35899832.37,47338388.08,,,-37100954.71,22296286.43,-116867752.82,196233132.27,-416642925.0,31169344.82,541824655.66,1219496334.19,136175524.94,,8234576406.5,,,,6726429428.52,,,68088288.34,113542308.8,,11855203184.55,5128773756.03,,,1
688472.SH,20240427,20240427,20231231,1,1,4,0.85,0.85,51309560777.53,51309560777.53,,,,,,,,,,,,,,,116867752.82,-196233132.27,39735139.47,,48385175792.4,44141852813.95,,,161531465.54,1047441055.4,1533581185.64,-118313151.22,-846936781.73,,,,,,,,,,,3443732778.75,28886938.58,279942701.49,,3192677015.84,305670821.79,2887006194.05,2903374460.39,-16368266.34,120990152.65,3007996346.7,3024364613.04,-16368266.34,3420331155.93,5637333414.55,,,,704057353.02,449523597.88,290964910.76,,,,,,,,,,,,,,,2887006194.05,1,688472.SH,20240427,20240427,1,1,4,3688217324.0,7621773553.61,10206346111.82,113943414.51,,18949975864.91,107584139.28,1591499100.65,5584675329.1,789995454.98,1157651526.69,,,7798877135.39,,,,,,,,,1246531869.56,38982875088.61,,,344356440.13,,,,,16758691214.48,4266415193.99,,,,,829021496.29,,,311753993.9,1563550141.36,,980573096.26,26792491895.41,,,,24279992.77,,,,,,,,,,,,,65775366984.02,3422559883.62,6886978231.29,,,,,6220629091.16,5917826241.73,,,,439343416.49,598186184.97,,,8994676771.44,,,,,,,,2336322662.71,53117625.08,37089715590.25,,90743084.41,0.0,747629975.95,122268975.7,1133164993.64,572265135.6,7205876591.62,,37284365.42,,,,,,,,,,,,,,,44295592181.87,,,,,61498955.85,21418275846.3,21479774802.15,65775366984.02,,-212004557.64,,,,,,,,,,,1100211428.91,5605350999.96,7176174429.75,12138455332.89,789995454.98,16758691214.48,4266415193.99,8994676771.44,90743084.41,,,0,688472.SH,20240427,20240427,1,1,4,2887006194.05,449523597.88,62919166134.05,43689283.53,,,,,,,,,,,,5989668380.34,68952523797.92,48059197557.05,3770590393.6,1565816171.7,,,,,,7322343269.07,60717947391.42,8234576406.5,,11035191.0,384600319.54,43714467.55,1030974.83,440380952.92,8204052277.86,947159510.28,,,,9151211788.14,-8710830835.22,13034922546.45,,1134191091.64,20909665571.63,-65049694.8243,9579767226.96,440933347.29,,3694611572.28,13715312146.53,7194353425.1,8330432.14,6726429428.52,5128773756.03,11855203184.55,6740551933.54,3980000.0,,846936781.73,2020221729.37,35899832.37,47338388.08,,,-37100954.71,22296286.43,-116867752.82,196233132.27,-416642925.0,31169344.82,541824655.66,1219496334.19,136175524.94,,8234576406.5,,,,6726429428.52,,,68088288.34,113542308.8,,11855203184.55,5128773756.03,,,1
688472.SH,20231031,20231031,20230930,1,1,3,0.87,0.87,39118820264.21,39118820264.21,,,,,,,,,,,,,,,143295483.05,-167006468.56,26774488.13,,36389102446.59,33338512021.73,,,109461529.6,825773319.91,1118113614.76,-87158672.7,-547513698.23,,,,,,,,,,,3153130301.43,17720331.02,19009074.09,,3151841558.36,312808648.86,2839032909.5,2840152349.58,-1119440.08,-83260593.82,2755772315.68,2756891755.76,-1119440.08,3600885616.74,,,,,485533805.63,330525067.48,194180165.29,,,,,,,,,,,,,,,2839032909.5,1,688472.SH,20231031,20231031,1,1,3,3688217324.0,7543758207.52,10160643716.17,101944805.73,,18794954164.54,111971435.74,1874675293.85,7036023616.13,,1895060454.02,,,9134889919.82,,,,,,,,,1156899010.85,41683692394.0,,,333426364.17,,,,,12205653810.26,5436850300.68,,,,,828117638.4,,,312472053.43,1454821036.99,,930370669.94,23210185681.63,,,,73631555.36,,,,,,,,,,,,,64893878075.63,3101788682.62,6225411011.37,,,,,9111580486.14,7610387075.19,,,,415182377.13,446916231.91,,,,,,,,,,,2447383205.06,40930333.93,37316816431.86,,,,663371260.68,244112406.25,1130174914.91,127000000.0,6429526218.81,,49740998.27,,,,,,,,,,,,,,,43746342650.67,,,,,74747782.03,21072787642.93,21147535424.96,64893878075.63,,-421776410.49,,,,,,,,,,,578607687.23,4901775528.1,8910698909.98,16721967561.33,777754937.2,12205653810.26,5436850300.68,6067509184.76,180611263.63,,,0,688472.SH,20231031,20231031,1,1,3,,,44676706083.13,44078729.12,,,,,,,,,,,,3194088168.67,47914872980.92,32654252519.27,2718031527.34,1235820113.98,,,,,,5705421480.43,42313525641.02,5601347339.9,,3598356.0,301574786.92,32416487.01,260000.0,337849629.93,6034731043.0,819258273.71,,,,6853989316.71,-6516139686.78,8467461570.65,,788273027.77,15994286531.96,-2400264207.0211,7302157254.66,322755735.05,,1439033926.65,9063946916.36,6930339615.6,42752925.43,6058300194.15,5128773756.03,11187073950.18,6738551933.54,1980000.0,,,,,,,,,,,,,,,,,,,,,,,,,,,,,,,,1
688472.SH,20231031,20231031,20230930,1,1,3,0.87,0.87,39118820264.21,39118820264.21,,,,,,,,,,,,,,,143295483.05,-167006468.56,26774488.13,,36389102446.59,33338512021.73,,,109461529.6,825773319.91,1118113614.76,-87158672.7,-547513698.23,,,,,,,,,,,3153130301.43,17720331.02,19009074.09,,3151841558.36,312808648.86,2839032909.5,2840152349.58,-1119440.08,-83260593.82,2755772315.68,2756891755.76,-1119440.08,3600885616.74,,,,,485533805.63,330525067.48,194180165.29,,,,,,,,,,,,,,,2839032909.5,1,688472.SH,20231031,20231031,1,1,3,3688217324.0,7543758207.52,10160643716.17,101944805.73,,18794954164.54,111971435.74,1874675293.85,7036023616.13,,1895060454.02,,,9134889919.82,,,,,,,,,1156899010.85,41683692394.0,,,333426364.17,,,,,12205653810.26,5436850300.68,,,,,828117638.4,,,312472053.43,1454821036.99,,930370669.94,23210185681.63,,,,73631555.36,,,,,,,,,,,,,64893878075.63,3101788682.62,6225411011.37,,,,,9111580486.14,7610387075.19,,,,415182377.13,446916231.91,,,,,,,,,,,2447383205.06,40930333.93,37316816431.86,,,,663371260.68,244112406.25,1130174914.91,127000000.0,6429526218.81,,49740998.27,,,,,,,,,,,,,,,43746342650.67,,,,,74747782.03,21072787642.93,21147535424.96,64893878075.63,,-421776410.49,,,,,,,,,,,578607687.23,4901775528.1,8910698909.98,16721967561.33,777754937.2,12205653810.26,5436850300.68,6067509184.76,180611263.63,,,0,688472.SH,20231031,20231031,1,1,3,,,44676706083.13,44078729.12,,,,,,,,,,,,3194088168.67,47914872980.92,32654252519.27,2718031527.34,1235820113.98,,,,,,5705421480.43,42313525641.02,5601347339.9,,3598356.0,301574786.92,32416487.01,260000.0,337849629.93,6034731043.0,819258273.71,,,,6853989316.71,-6516139686.78,8467461570.65,,788273027.77,15994286531.96,-5643775208.44,7302157254.66,322755735.05,,1439033926.65,9063946916.36,6930339615.6,42752925.43,6058300194.15,5128773756.03,11187073950.18,6738551933.54,1980000.0,,,,,,,,,,,,,,,,,,,,,,,,,,,,,,,,0
688472.SH,20230823,20230823,20230630,1,1,2,0.63,0.63,26104560698.99,26104560698.99,,,,,,,,,,,,,,,38586770.1,-61945735.98,16063472.51,,24088326122.25,22312283022.01,,,81245942.47,533093444.25,719170618.37,-177579403.13,-292542543.61,,,,,,,,,,,2313826692.78,14411677.66,12782272.82,,2315456097.62,392381348.24,1923074749.38,1922871039.22,203710.16,93679800.65,2016754550.03,2016550839.87,203710.16,,,,,,278673500.12,213986513.35,95614238.48,,,,,,,,,,,,,,,1923074749.38,0,688472.SH,20230823,20230823,1,1,2,3607058824.0,6714263913.99,9243362405.81,101944805.73,,20488676272.38,139248974.6,1252973528.95,8566253980.62,826171582.49,2248500948.11,,,9758806681.45,,,,,,,,,1255266256.69,45592675143.8,,,322910379.36,,,,,11862884534.89,2275202693.26,,,,,580900375.43,,,296391274.74,1225860268.22,,1036833358.96,18342908681.88,,,,55015646.77,,,,,,,,,,,,,63935583825.68,3440449278.48,7498389380.36,,,,,12309983148.64,5876286009.22,,,,375276052.42,454721833.04,,,5386158756.64,,,,,,,,2373604779.19,38187689.69,38308715978.34,,266814019.15,0.0,643377536.07,166241374.54,1139126499.43,,6129002981.48,,125179679.46,,,,,,,,,,,,,,,44437718959.82,,,,,76070932.35,19421793933.51,19497864865.86,63935583825.68,,-244836016.02,,,,,,,,,,,441354628.51,3870928649.68,9819227509.57,18186269157.86,826171582.49,11862884534.89,2275202693.26,5386158756.64,266814019.15,,,0,688472.SH,20230823,20230823,1,1,2,1923074749.38,213986513.35,31512696544.4,30325394.29,,,,,,,,,,,,651806739.27,32194828677.96,24868137404.57,1756950014.26,678340936.75,,,,,,4350352576.22,31653780931.8,541047746.16,,3598356.0,261691592.3,31044751.06,260000.0,296594699.36,3594457707.05,363847117.77,,,,3958304824.82,-3661710125.46,7824489885.04,,656237632.72,14318649143.41,-2048969485.431,4342977205.8,208220101.89,,247547579.54,4798744887.23,9519904256.18,89060980.22,6488302857.1,5128773756.03,11617076613.13,5837921625.65,1980000.0,,292542543.61,943792017.33,17111756.36,20968047.63,,,-35709621.79,11590294.36,-38586770.1,61945735.98,-78953051.86,75141743.66,-876415642.97,-6027013076.24,3870183033.5,,541047746.16,,,,6488302857.1,,,48896454.55,45283932.05,,11617076613.13,5128773756.03,,,1
688472.SH,20230823,20230823,20230630,1,1,2,0.63,0.63,26104560698.99,26104560698.99,,,,,,,,,,,,,,,38586770.1,-61945735.98,16063472.51,,24088326122.25,22312283022.01,,,81245942.47,533093444.25,719170618.37,-177579403.13,-292542543.61,,,,,,,,,,,2313826692.78,14411677.66,12782272.82,,2315456097.62,392381348.24,1923074749.38,1922871039.22,203710.16,93679800.65,2016754550.03,2016550839.87,203710.16,2164862254.1,3192018007.47,,,,278673500.12,213986513.35,95614238.48,,,,,,,,,,,,,,,1923074749.38,1,688472.SH,20230823,20230823,1,1,2,3607058824.0,6714263913.99,9243362405.81,101944805.73,,20488676272.38,139248974.6,1252973528.95,8566253980.62,826171582.49,2248500948.11,,,9758806681.45,,,,,,,,,1255266256.69,45592675143.8,,,322910379.36,,,,,11862884534.89,2275202693.26,,,,,580900375.43,,,296391274.74,1225860268.22,,1036833358.96,18342908681.88,,,,55015646.77,,,,,,,,,,,,,63935583825.68,3440449278.48,7498389380.36,,,,,12309983148.64,5876286009.22,,,,375276052.42,454721833.04,,,5386158756.64,,,,,,,,2373604779.19,38187689.69,38308715978.34,,266814019.15,0.0,643377536.07,166241374.54,1139126499.43,,6129002981.48,,125179679.46,,,,,,,,,,,,,,,44437718959.82,,,,,76070932.35,19421793933.51,19497864865.86,63935583825.68,,-244836016.02,,,,,,,,,,,441354628.51,3870928649.68,9819227509.57,18186269157.86,826171582.49,11862884534.89,2275202693.26,5386158756.64,266814019.15,,,0,688472.SH,20230823,20230823,1,1,2,1923074749.38,213986513.35,31512696544.4,30325394.29,,,,,,,,,,,,651806739.27,32194828677.96,24868137404.57,1756950014.26,678340936.75,,,,,,4350352576.22,31653780931.8,541047746.16,,3598356.0,261691592.3,31044751.06,260000.0,296594699.36,3594457707.05,363847117.77,,,,3958304824.82,-3661710125.46,7824489885.04,,656237632.72,14318649143.41,-2048969485.431,4342977205.8,208220101.89,,247547579.54,4798744887.23,9519904256.18,89060980.22,6488302857.1,5128773756.03,11617076613.13,5837921625.65,1980000.0,,292542543.61,943792017.33,17111756.36,20968047.63,,,-35709621.79,11590294.36,-38586770.1,61945735.98,-78953051.86,75141743.66,-876415642.97,-6027013076.24,3870183033.5,,541047746.16,,,,6488302857.1,,,48896454.55,45283932.05,,11617076613.13,5128773756.03,,,1
688472.SH,20230523,20230523,20230331,1,1,1,0.3,0.3,11830697757.23,11830697757.23,,,,,,,,,,,,,,,59523432.26,55902181.11,7875884.41,,10919532034.04,9948532804.35,,,41792614.81,245063984.55,319614581.57,192215362.89,-35867911.08,,,,,,,,,,,1108390768.23,5732823.84,6695884.36,,1107427707.71,188712125.43,918715582.28,918308560.67,407021.61,-4622896.34,914092685.94,913685664.33,407021.61,1212794525.55,,,,,117559501.46,98523585.8,44510553.02,,,,,,,,,,,,,,,918715582.28,1,688472.SH,20230523,20230523,1,1,1,3066000000.0,1518616995.09,8238799927.26,101944805.73,,12384102668.45,150407967.77,1012787983.21,6413318606.95,,2234884538.62,,,10093382446.42,,,,,,,,,1244997409.43,35005985256.75,,,314387672.68,,,,,11326786104.9,2087796027.65,,,,,588097187.1,,,185304922.6,1180986264.82,,636155799.14,17028206061.98,,,,49447494.5,,,,,,,,,,,,,52034191318.73,1924100641.08,6438773219.0,,,,,11135419760.43,5650309515.47,,,,402412648.93,491636094.08,,,,,,,,,,,2216836258.28,37431760.73,34951051493.38,,,,597827424.09,102733102.75,1119979332.13,,4424642566.48,,79929733.23,,,,,,,,,,,,,,,39375694059.86,,,,,76274243.8,12582223015.07,12658497258.87,52034191318.73,,-343138713.01,,,,,,,,,,,460373789.27,3129308505.76,7426106590.16,16785729275.9,695926371.07,11326786104.9,2087796027.65,5368993997.47,204312309.15,,,0,688472.SH,20230523,20230523,1,1,1,918715582.28,98523585.8,14052744751.31,17305764.84,,,,,,,,,,,,311964038.56,14382014554.71,11689439858.32,738259210.34,262241664.29,,,,,,2623283979.74,15313224712.69,-931210157.98,,1350208.16,213372201.56,9232608.16,,223955017.88,1602518847.0,189659009.83,,,,1792177856.83,-1568222838.95,3621807974.79,,377038494.36,4000826469.15,-1798718171.1113,2224328465.63,107956275.82,,102444869.11,2434729610.56,1566096858.59,-35544016.13,-968880154.47,5128773756.03,4159893601.56,1980000.0,1980000.0,,35867911.08,444653022.21,8514713.3,14428352.25,,,-8253903.28,,-59523432.26,-55902181.11,-34079048.46,11633471.87,-990959935.19,-2488775593.15,1109721412.2,,-931210157.98,,,,-968880154.47,,,18885273.33,20846030.5,,4159893601.56,5128773756.03,,,1
688472.SH,20230523,20230523,20230331,1,1,1,0.3,0.3,11830697757.23,11830697757.23,,,,,,,,,,,,,,,59523432.26,55902181.11,7875884.41,,10919532034.04,9948532804.35,,,41792614.81,245063984.55,319614581.57,192215362.89,-35867911.08,,,,,,,,,,,1108390768.23,5732823.84,6695884.36,,1107427707.71,188712125.43,918715582.28,918308560.67,407021.61,-4622896.34,914092685.94,913685664.33,407021.61,1212794525.55,,,,,117559501.46,98523585.8,44510553.02,,,,,,,,,,,,,,,918715582.28,1,688472.SH,20230523,20230523,1,1,1,3066000000.0,1518616995.09,8238799927.26,101944805.73,,12384102668.45,150407967.77,1012787983.21,6413318606.95,,2234884538.62,,,10093382446.42,,,,,,,,,1244997409.43,35005985256.75,,,314387672.68,,,,,11326786104.9,2087796027.65,,,,,588097187.1,,,185304922.6,1180986264.82,,636155799.14,17028206061.98,,,,49447494.5,,,,,,,,,,,,,52034191318.73,1924100641.08,6438773219.0,,,,,11135419760.43,5650309515.47,,,,402412648.93,491636094.08,,,,,,,,,,,2216836258.28,37431760.73,34951051493.38,,,,597827424.09,102733102.75,1119979332.13,,4424642566.48,,79929733.23,,,,,,,,,,,,,,,39375694059.86,,,,,76274243.8,12582223015.07,12658497258.87,52034191318.73,,-343138713.01,,,,,,,,,,,460373789.27,3129308505.76,7426106590.16,16785729275.9,695926371.07,11326786104.9,2087796027.65,5368993997.47,204312309.15,,,0,688472.SH,20230523,20230523,1,1,1,918715582.28,98523585.8,14052744751.31,17305764.84,,,,,,,,,,,,311964038.56,14382014554.71,11689439858.32,738259210.34,262241664.29,,,,,,2623283979.74,15313224712.69,-931210157.98,,1350208.16,213372201.56,9232608.16,,223955017.88,1602518847.0,189659009.83,,,,1792177856.83,-1568222838.95,3621807974.79,,377038494.36,4000826469.15,-1798718171.1113,2224328465.63,107956275.82,,102444869.11,2434729610.56,1566096858.59,-35544016.13,-968880154.47,5128773756.03,4159893601.56,1980000.0,1980000.0,,35867911.08,444653022.21,8514713.3,14428352.25,,,-8253903.28,,-59523432.26,-55902181.11,-34079048.46,11633471.87,-990959935.19,-2488775593.15,1109721412.2,,-931210157.98,,,,-968880154.47,,,18885273.33,20846030.5,,4159893601.56,5128773756.03,,,0
688472.SH,20230523,20230523,20221231,1,1,4,0.7,0.7,47536086682.45,47536086682.45,,,,,,,,,,,,,,,-52797734.46,-178726750.78,23415133.41,,45196689162.99,42114257905.32,,,111509260.13,1135957988.02,1120424836.94,-264221715.96,-474946666.08,,,,,,,,,,,2508053064.03,144012855.94,33326830.63,,2618739089.34,469083953.24,2149655136.1,2156850938.4,-7195802.3,68716522.65,2218371658.75,2225567461.05,-7195802.3,2857914447.74,4495891583.05,,,,466845133.91,364293022.1,111873717.26,,,,,,,,,,,,,,,2149655136.1,1,688472.SH,20230523,20230523,1,1,4,3066000000.0,1513211214.6,7320491366.59,101944805.73,,11940280390.78,127708477.39,1410965413.17,5718324070.21,,1569768103.82,,,9137086502.82,,,,,,,,,1051527920.78,32687824283.88,,,294887485.16,,,,,10030221657.13,2502572785.43,,,,,573762167.74,,,187671921.07,1146907216.36,,523561478.42,15612373200.75,,,,121989790.38,,,,,,,,,,,,,48300197484.63,2395794473.82,5273353015.35,,,,,10400925180.45,5990457379.84,,,,337680552.64,390168230.13,,,,,,,,,,,1236426325.21,28043240.01,32094977194.28,,,,584455664.65,91099630.88,1155746611.76,,4468201497.91,,170460536.27,,,,,,,,,,,,,,,36563178692.19,,,,,73887222.19,11663131570.25,11737018792.44,48300197484.63,,-338515816.67,,,,,,,,,,,396967198.8,3094973761.38,7129289483.38,16391382560.29,655456342.19,10030221657.13,2502572785.43,5172488973.0,101408377.78,,,1,688472.SH,20230523,20230523,1,1,4,2149655136.1,364293022.1,53533116857.09,93178774.99,,,,,,,,,,,,2161924215.7,55788219847.78,37566790464.84,2278609218.52,990742761.12,,,,,,9290046969.88,50126189414.36,5662030433.42,,176308890.22,272787017.18,39038336.69,392087375.08,880221619.17,4222193492.52,676535060.12,,,,4898728552.64,-4018506933.47,9676504492.3,,350976252.6,10035500744.9,5702403737.7264,9265476126.35,359225717.58,,790179106.29,10414880950.22,-379380205.32,131149962.13,1395293256.76,3733480499.27,5128773756.03,8020000.0,8020000.0,,474946666.08,1497836506.37,34478848.62,59996014.17,,,-40635695.56,,52797734.46,178726750.78,-184882500.74,-47124205.52,-2516111054.64,-5990772548.88,9256868820.18,,5662030433.42,,,,1395293256.76,,,36969088.55,45665766.15,,5128773756.03,3733480499.27,,,0
688472.SH,20230523,20230523,20221231,1,1,4,0.7,0.7,47536086682.45,47536086682.45,,,,,,,,,,,,,,,-52797734.46,-178726750.78,23415133.41,,45196689162.99,42114257905.32,,,111509260.13,1135957988.02,1120424836.94,-264221715.96,-474946666.08,,,,,,,,,,,2508053064.03,144012855.94,33326830.63,,2618739089.34,469083953.24,2149655136.1,2156850938.4,-7195802.3,68716522.65,2218371658.75,2225567461.05,-7195802.3,2857914447.74,4495891583.05,,,,466845133.91,364293022.1,111873717.26,,,,,,,,,,,,,,,2149655136.1,1,688472.SH,20230523,20230523,1,1,4,3066000000.0,1513211214.6,7320491366.59,101944805.73,,11940280390.78,127708477.39,1410965413.17,5718324070.21,,1569768103.82,,,9137086502.82,,,,,,,,,1051527920.78,32687824283.88,,,294887485.16,,,,,10030221657.13,2502572785.43,,,,,573762167.74,,,187671921.07,1146907216.36,,523561478.42,15612373200.75,,,,121989790.38,,,,,,,,,,,,,48300197484.63,2395794473.82,5273353015.35,,,,,10400925180.45,5990457379.84,,,,337680552.64,390168230.13,,,,,,,,,,,1236426325.21,28043240.01,32094977194.28,,,,584455664.65,91099630.88,1155746611.76,,4468201497.91,,170460536.27,,,,,,,,,,,,,,,36563178692.19,,,,,73887222.19,11663131570.25,11737018792.44,48300197484.63,,-338515816.67,,,,,,,,,,,396967198.8,3094973761.38,7129289483.38,16391382560.29,655456342.19,10030221657.13,2502572785.43,5172488973.0,101408377.78,,,1,688472.SH,20230523,20230523,1,1,4,2149655136.1,364293022.1,53533116857.09,93178774.99,,,,,,,,,,,,2161924215.7,55788219847.78,37566790464.84,2278609218.52,990742761.12,,,,,,9290046969.88,50126189414.36,5662030433.42,,176308890.22,272787017.18,39038336.69,392087375.08,880221619.17,4222193492.52,676535060.12,,,,4898728552.64,-4018506933.47,9676504492.3,,350976252.6,10035500744.9,5702403737.7264,9265476126.35,359225717.58,,790179106.29,10414880950.22,-379380205.32,131149962.13,1395293256.76,3733480499.27,5128773756.03,8020000.0,8020000.0,,474946666.08,1497836506.37,34478848.62,59996014.17,,,-40635695.56,,52797734.46,178726750.78,-184882500.74,-47124205.52,-2516111054.64,-5990772548.88,9256868820.18,,5662030433.42,,,,1395293256.76,,,36969088.55,45665766.15,,5128773756.03,3733480499.27,,,1
688472.SH,20230523,20230523,20221231,1,1,4,0.7,0.7,47536086682.45,47536086682.45,,,,,,,,,,,,,,,-52797734.46,-178726750.78,23415133.41,,45196689162.99,42114257905.32,,,111509260.13,1135957988.02,1120424836.94,-264221715.96,-474946666.08,,,,,,,,,,,2508053064.03,144012855.94,33326830.63,,2618739089.34,469083953.24,2149655136.1,2156850938.4,-7195802.3,68716522.65,2218371658.75,2225567461.05,-7195802.3,2857914447.74,4495891583.05,,,,466845133.91,364293022.1,111873717.26,,,,,,,,,,,,,,,2149655136.1,1,688472.SH,20230523,20230523,1,1,4,3066000000.0,1513211214.6,7320491366.59,101944805.73,,11940280390.78,127708477.39,1410965413.17,5718324070.21,,1569768103.82,,,9137086502.82,,,,,,,,,1051527920.78,32687824283.88,,,294887485.16,,,,,10030221657.13,2502572785.43,,,,,573762167.74,,,187671921.07,1146907216.36,,523561478.42,15612373200.75,,,,121989790.38,,,,,,,,,,,,,48300197484.63,2395794473.82,5273353015.35,,,,,10400925180.45,5990457379.84,,,,337680552.64,390168230.13,,,,,,,,,,,1236426325.21,28043240.01,32094977194.28,,,,584455664.65,91099630.88,1155746611.76,,4468201497.91,,170460536.27,,,,,,,,,,,,,,,36563178692.19,,,,,73887222.19,11663131570.25,11737018792.44,48300197484.63,,-338515816.67,,,,,,,,,,,396967198.8,3094973761.38,7129289483.38,16391382560.29,655456342.19,10030221657.13,2502572785.43,5172488973.0,101408377.78,,,0,688472.SH,20230523,20230523,1,1,4,2149655136.1,364293022.1,53533116857.09,93178774.99,,,,,,,,,,,,2161924215.7,55788219847.78,37566790464.84,2278609218.52,990742761.12,,,,,,9290046969.88,50126189414.36,5662030433.42,,176308890.22,272787017.18,39038336.69,392087375.08,880221619.17,4222193492.52,676535060.12,,,,4898728552.64,-4018506933.47,9676504492.3,,350976252.6,10035500744.9,5702403737.7264,9265476126.35,359225717.58,,790179106.29,10414880950.22,-379380205.32,131149962.13,1395293256.76,3733480499.27,5128773756.03,8020000.0,8020000.0,,474946666.08,1497836506.37,34478848.62,59996014.17,,,-40635695.56,,52797734.46,178726750.78,-184882500.74,-47124205.52,-2516111054.64,-5990772548.88,9256868820.18,,5662030433.42,,,,1395293256.76,,,36969088.55,45665766.15,,5128773756.03,3733480499.27,,,0
688472.SH,20230523,20230523,20221231,1,1,4,0.7,0.7,47536086682.45,47536086682.45,,,,,,,,,,,,,,,-52797734.46,-178726750.78,23415133.41,,45196689162.99,42114257905.32,,,111509260.13,1135957988.02,1120424836.94,-264221715.96,-474946666.08,,,,,,,,,,,2508053064.03,144012855.94,33326830.63,,2618739089.34,469083953.24,2149655136.1,2156850938.4,-7195802.3,68716522.65,2218371658.75,2225567461.05,-7195802.3,2857914447.74,4495891583.05,,,,466845133.91,364293022.1,111873717.26,,,,,,,,,,,,,,,2149655136.1,1,688472.SH,20230523,20230523,1,1,4,3066000000.0,1513211214.6,7320491366.59,101944805.73,,11940280390.78,127708477.39,1410965413.17,5718324070.21,,1569768103.82,,,9137086502.82,,,,,,,,,1051527920.78,32687824283.88,,,294887485.16,,,,,10030221657.13,2502572785.43,,,,,573762167.74,,,187671921.07,1146907216.36,,523561478.42,15612373200.75,,,,121989790.38,,,,,,,,,,,,,48300197484.63,2395794473.82,5273353015.35,,,,,10400925180.45,5990457379.84,,,,337680552.64,390168230.13,,,,,,,,,,,1236426325.21,28043240.01,32094977194.28,,,,584455664.65,91099630.88,1155746611.76,,4468201497.91,,170460536.27,,,,,,,,,,,,,,,36563178692.19,,,,,73887222.19,11663131570.25,11737018792.44,48300197484.63,,-338515816.67,,,,,,,,,,,396967198.8,3094973761.38,7129289483.38,16391382560.29,655456342.19,10030221657.13,2502572785.43,5172488973.0,101408377.78,,,0,688472.SH,20230523,20230523,1,1,4,2149655136.1,364293022.1,53533116857.09,93178774.99,,,,,,,,,,,,2161924215.7,55788219847.78,37566790464.84,2278609218.52,990742761.12,,,,,,9290046969.88,50126189414.36,5662030433.42,,176308890.22,272787017.18,39038336.69,392087375.08,880221619.17,4222193492.52,676535060.12,,,,4898728552.64,-4018506933.47,9676504492.3,,350976252.6,10035500744.9,5702403737.7264,9265476126.35,359225717.58,,790179106.29,10414880950.22,-379380205.32,131149962.13,1395293256.76,3733480499.27,5128773756.03,8020000.0,8020000.0,,474946666.08,1497836506.37,34478848.62,59996014.17,,,-40635695.56,,52797734.46,178726750.78,-184882500.74,-47124205.52,-2516111054.64,-5990772548.88,9256868820.18,,5662030433.42,,,,1395293256.76,,,36969088.55,45665766.15,,5128773756.03,3733480499.27,,,1
688472.SH,20230523,20230523,20211231,1,1,4,0.01,0.01,28009963017.67,28009963017.67,,,,,,,,,,,,,,,-17941450.39,246225570.31,20502637.83,,28471881600.07,25416757781.04,,,82074602.41,782594848.53,1211990893.55,448147467.78,-104358414.4,,,,,,,,,,,1523074.24,173037961.73,45566119.93,,128994916.04,86549121.31,42445794.73,34983314.18,7462480.55,-280460078.57,-238014283.84,-245462296.31,7448012.47,248384317.19,2049522731.83,,,,373396771.9,260727055.6,60302824.53,,,,,,,,,,,,,,,42445794.73,1,688472.SH,20230523,20230523,1,1,4,3066000000.0,1470883569.95,5163640428.19,101944805.73,,7256864512.91,128757613.5,940262481.7,3639828983.03,,1293973426.26,,,6675909326.96,,,,,,,,,1025660145.06,22891754005.65,,,252955068.61,,,,,8061389351.63,628707316.16,,,,,570009170.53,,,210532276.45,962024715.62,,239407736.36,11228554714.98,,,,41686754.44,,,,,,,,,,,,,34120308720.63,277575631.92,6125083695.56,,,,,5618164351.62,3443504745.51,,,,183151257.14,258813904.05,,,,,,,,,,,1315501410.15,6708894.09,22133032371.1,,,,338987750.49,138223836.4,1073628964.33,373273583.3,2518976860.49,,15272306.81,,,,,,,,,,,,,,,24652009231.59,,,,,73063024.49,9395236464.55,9468299489.04,34120308720.63,,-407232339.32,,,,,,,,,,,173429008.25,1780254616.83,4580091464.73,9061669097.13,1509598355.21,8061389351.63,628707316.16,3386577189.34,200000000.0,,,0,688472.SH,20230523,20230523,1,1,4,42445794.73,260727055.6,29309075300.45,77467403.74,,,,,,,,,,,,1719482042.08,31106024746.27,25495920728.52,1892977329.68,655293430.89,,,,,,4726790063.9,32770981552.99,-1664956806.72,,1213817118.99,27658275.4,32256622.12,241883485.61,1515615502.12,2843327034.77,1059792394.36,,,,3903119429.13,-2387503927.01,9414801553.15,,416054511.43,9854444031.38,-4073844112.8657,7372932708.43,157411703.36,,380532814.09,7910877225.88,1943566805.5,-64878480.28,-2173772408.51,5907252907.78,3733480499.27,23587966.8,23587966.8,,104358414.4,1650812003.78,37122224.07,23581546.92,,,-7199272.21,,17941450.39,-246225570.31,-338037186.34,101991882.98,-3046693495.11,-3110967152.13,2681804356.19,,-1664956806.72,,,,-2173772408.51,,,52560820.46,89622639.87,,3733480499.27,5907252907.78,,,0
688472.SH,20230523,20230523,20201231,1,1,4,0.56,0.56,23275804715.09,23275804715.09,,,,,,,,,,,,,,,99331888.64,192590742.41,24047445.08,,22312720760.2,18978953642.04,,,96360782.66,760994137.24,979916097.97,797495738.52,-363411857.02,,,,,,,,,,,1418811654.99,100534447.57,21917751.98,,1497428350.58,-125771434.55,1623199785.13,1613299961.94,9899823.19,-333859612.7,1289340172.43,1280044133.39,9296039.04,2001090819.28,3513804814.25,,,,312703260.57,358234829.92,101862330.4,,,,,,,,,,,,,,,1623199785.13,1,688472.SH,20230523,20230523,1,1,4,3066000000.0,1381071769.74,5086444161.2,101944805.73,,8826627663.72,98240603.06,404228163.66,2547548109.18,,1170476749.3,,,3712494461.45,,,,,,,,,803667141.3,18845566038.79,,,194710854.2,,,,,6858330657.31,1297631521.97,,,,,540891088.47,,,117685822.13,623987529.28,,648084556.95,10376106550.63,,,,133499423.7,,,,,,,,,,,,,29221672589.42,1033737604.74,3984169286.75,,,,,4636825844.53,2925577772.87,,,,136866596.25,203234299.73,,,,,,,,,,,403074420.31,2260009.0,16855816781.6,,,,412499963.9,36231953.42,748450079.32,581996055.56,2816312116.76,,58564633.09,,,,,,,,,,,,,,,19672128898.36,,,,,40869683.22,9508674007.84,9549543691.06,29221672589.42,,-126786728.83,,,,,,,,,,,110030612.36,1797680174.84,2951776272.84,7562403617.4,995279217.41,6858330657.31,1297631521.97,2707563744.23,3396459.82,,,0,688472.SH,20230523,20230523,1,1,4,1623199785.13,358234829.92,25257846648.69,434210442.52,,,,,,,,,,,,1937123769.28,27629180860.49,15550706300.95,1839232372.38,448219753.16,,,,,,3048831442.81,20886989869.3,6742190991.19,2659500018.14,197881972.26,61013638.67,16909837.86,,2935305466.93,2603995863.18,162946273.51,,1180444716.22,,4014199406.81,-1078893939.88,8238571936.2,,2995562922.36,11623218889.76,3338331577.67,10907368877.95,1217533503.23,4500000.0,2952676707.0,15084356205.13,-3461137315.37,-425327529.96,1776832205.98,4130420701.8,5907252907.78,389084031.2,,,363411857.02,1466863007.22,35673336.72,10177651.03,,,1787756.9,,-99331888.64,-192590742.41,105022884.66,-4347936.81,2031885188.53,189388778.37,847293119.33,,6742190991.19,,,,1776832205.98,,,22885244.18,,,5907252907.78,4130420701.8,,,0
688472.SH,20210628,20210628,20191231,1,1,4,,,21680326032.72,21680326032.72,,,,,,,,,,,,,,,37750356.62,38187732.5,192330888.01,,19682505173.29,16009673993.7,,,88771209.27,1391242624.99,1171825033.04,339863328.88,-350096339.87,,,,,,,,,,,2145863246.36,41338538.24,78879636.88,,2108322147.72,357334351.64,1750987796.08,1753465045.23,-2477249.15,84560511.69,1835548307.77,1836747024.04,-1198716.27,2756725428.21,3884039920.07,,,,312300978.96,529754720.07,93835419.93,,,,,,,,,,,,,,,1750987796.08,1,688472.SH,20210628,20210628,1,1,4,2769072077.82,588571860.24,4455066868.73,145867851.31,,7539893250.19,10251344.14,200599070.7,3575399201.83,2805660979.79,320000452.47,52258714.2,,6729230980.04,,,,,,,,,862755736.74,22157378056.54,,,201027529.05,,,,,7228627479.94,462792189.6,,,,,500644905.24,,,121287080.83,729010413.94,,448587151.12,9784507731.56,,,,28655278.35,,,,,,,,,,,,,31941885788.1,1684560797.25,5644717088.48,,,,,3801967683.16,3683676659.3,1690106672.91,,,253803505.78,279253258.97,,,,,,,,,,,1749148257.05,,20370761708.01,,,,605232903.06,40579890.23,314660939.92,574196666.67,3310563454.63,,37943706.78,,,,,,,,,,,,,,,23681325162.64,,,,,116670859.95,8143889765.51,8260560625.46,31941885788.1,,185311107.41,,,,,,,,,,,,,3775998272.53,7485644342.46,2857919693.99,7228627479.94,462792189.6,3230144875.58,91332257.5,,,0,688472.SH,20210628,20210628,1,1,4,1750987796.08,529754720.07,23754350932.0,338202134.49,,,,,,,,,,,,732452436.29,24825005502.78,14712925348.28,1917589565.33,447731096.19,,,,,,2618577591.83,19696823601.63,5128181901.15,398274440.39,22263017.98,25488893.17,30529352.99,,476555704.53,2325173223.22,182985353.87,,359401394.48,,3237452573.77,-2760896869.24,10254502859.9,,3454965983.53,13709468843.43,797978612.0347,9413046383.53,582035270.43,,4682013609.75,14865874569.59,-1156405726.16,34580416.59,1245459722.34,2884960979.46,4130420701.8,,,,350096339.87,1080689738.45,28796451.92,17828301.49,,,-3159397.78,1224070.34,-37750356.62,-38187732.5,75499368.6,15301989.37,-1568575080.55,-1520092915.55,4336453425.33,,5128181901.15,,,,1245459722.34,,,18731664.58,,,4130420701.8,2884960979.46,,,0
