ts_code,trade_date,open,high,low,close,pre_close,change,pct_chg,vol,amount
000792.SZ,20250627,17.13,17.27,17.01,17.06,16.95,0.11,0.649,507556.64,869518.005
000792.SZ,20250626,16.6,17.19,16.59,16.95,16.6,0.35,2.1084,817890.16,1390489.232
000792.SZ,20250625,16.6,16.65,16.43,16.6,16.64,-0.04,-0.2404,365727.41,604810.83
000792.SZ,20250624,16.4,16.69,16.33,16.64,16.4,0.24,1.4634,375401.28,621327.047
000792.SZ,20250623,16.21,16.45,16.21,16.4,16.21,0.19,1.1721,272642.63,444988.172
000792.SZ,20250620,16.34,16.43,16.21,16.21,16.33,-0.12,-0.7348,248676.91,406386.491
000792.SZ,20250619,16.48,16.54,16.3,16.33,16.48,-0.15,-0.9102,235705.61,386318.08
000792.SZ,20250618,16.6,16.7,16.47,16.48,16.57,-0.09,-0.5432,205274.74,339722.932
000792.SZ,20250617,16.56,16.75,16.55,16.57,16.61,-0.04,-0.2408,228342.48,379615.014
000792.SZ,20250616,16.66,16.87,16.55,16.61,16.66,-0.05,-0.3001,332098.17,554605.916
000792.SZ,20250613,16.68,16.86,16.59,16.66,16.66,0.0,0.0,542877.92,906785.134
000792.SZ,20250612,16.51,16.7,16.4,16.66,16.51,0.15,0.9085,346461.17,573356.188
000792.SZ,20250611,16.24,16.7,16.15,16.51,16.2,0.31,1.9136,539228.09,888888.518
000792.SZ,20250610,16.4,16.47,16.13,16.2,16.41,-0.21,-1.2797,311479.08,506605.492
000792.SZ,20250609,16.49,16.51,16.33,16.41,16.48,-0.07,-0.4248,275749.65,452114.688
000792.SZ,20250606,16.17,16.5,16.13,16.48,16.17,0.31,1.9171,640677.49,1050317.414
000792.SZ,20250605,16.05,16.43,15.97,16.17,15.98,0.19,1.189,541648.13,878182.48
000792.SZ,20250604,15.79,16.04,15.77,15.98,15.77,0.21,1.3316,300706.42,479117.679
000792.SZ,20250603,15.78,15.9,15.72,15.77,15.84,-0.07,-0.4419,239454.91,378120.635
000792.SZ,20250530,15.88,15.92,15.83,15.84,15.91,-0.07,-0.44,194658.28,308711.6
000792.SZ,20250529,15.87,15.93,15.85,15.91,15.87,0.04,0.252,208581.44,331465.059
000792.SZ,20250528,15.93,16.0,15.87,15.87,15.93,-0.06,-0.3766,195866.89,311759.356
000792.SZ,20250527,15.97,16.04,15.92,15.93,15.98,-0.05,-0.3129,198768.12,317243.013
000792.SZ,20250526,16.12,16.15,15.95,15.98,16.06,-0.08,-0.4981,238490.49,381942.738
000792.SZ,20250523,16.12,16.39,16.05,16.06,16.05,0.01,0.0623,376672.56,610934.807
000792.SZ,20250522,16.04,16.21,15.97,16.05,16.07,-0.02,-0.1245,292726.14,471665.586
000792.SZ,20250521,15.88,16.09,15.86,16.07,15.88,0.19,1.1965,319271.54,510934.673
000792.SZ,20250520,15.85,15.9,15.81,15.88,15.87,0.01,0.063,186883.8,296302.649
000792.SZ,20250519,15.91,15.94,15.82,15.87,15.93,-0.06,-0.3766,196754.88,311851.574
000792.SZ,20250516,15.95,15.98,15.86,15.93,16.0,-0.07,-0.4375,198302.59,315848.224
000792.SZ,20250515,16.16,16.23,16.0,16.0,16.25,-0.25,-1.5385,295237.74,474957.588
000792.SZ,20250514,16.12,16.27,16.05,16.25,16.11,0.14,0.869,270807.06,437872.147
000792.SZ,20250513,16.35,16.4,16.11,16.11,16.09,0.02,0.1243,312211.29,506327.282
000792.SZ,20250512,16.03,16.1,15.98,16.09,15.95,0.14,0.8777,266305.06,427686.544
000792.SZ,20250509,16.07,16.08,15.91,15.95,16.07,-0.12,-0.7467,339569.38,542702.79
000792.SZ,20250508,16.04,16.11,16.01,16.07,16.11,-0.04,-0.2483,232267.44,373210.698
000792.SZ,20250507,16.19,16.23,16.01,16.11,16.08,0.03,0.1866,345831.79,556438.479
000792.SZ,20250506,16.06,16.11,15.99,16.08,16.0,0.08,0.5,281229.18,451665.341
000792.SZ,20250430,16.11,16.12,16.0,16.0,16.09,-0.09,-0.5594,192777.38,309479.881
000792.SZ,20250429,16.06,16.22,16.02,16.09,16.11,-0.02,-0.1241,157817.39,254453.418
000792.SZ,20250428,16.17,16.19,15.99,16.11,16.15,-0.04,-0.2477,205310.32,330382.498
000792.SZ,20250425,16.34,16.38,16.13,16.15,16.34,-0.19,-1.1628,366681.87,595506.299
000792.SZ,20250424,16.39,16.63,16.32,16.34,16.33,0.01,0.0612,396229.66,651305.262
000792.SZ,20250423,16.41,16.46,16.27,16.33,16.37,-0.04,-0.2443,277156.08,452457.776
000792.SZ,20250422,16.36,16.47,16.35,16.37,16.41,-0.04,-0.2438,214919.77,352445.641
000792.SZ,20250421,16.38,16.49,16.35,16.41,16.41,0.0,0.0,207741.83,340671.771
000792.SZ,20250418,16.39,16.48,16.3,16.41,16.4,0.01,0.061,177339.56,290399.961
000792.SZ,20250417,16.4,16.55,16.38,16.4,16.51,-0.11,-0.6663,221940.59,365270.635
000792.SZ,20250416,16.56,16.6,16.35,16.51,16.65,-0.14,-0.8408,342796.12,564160.57
000792.SZ,20250415,16.71,16.87,16.55,16.65,16.71,-0.06,-0.3591,350849.67,585810.034
000792.SZ,20250414,16.63,16.83,16.54,16.71,16.57,0.14,0.8449,369485.02,616863.216
000792.SZ,20250411,16.59,16.66,16.5,16.57,16.75,-0.18,-1.0746,387394.11,642275.59
000792.SZ,20250410,16.18,16.82,16.02,16.75,16.19,0.56,3.4589,804260.07,1329759.984
000792.SZ,20250409,15.62,16.37,15.58,16.19,15.59,0.6,3.8486,845825.74,1348930.745
000792.SZ,20250408,15.15,15.61,15.15,15.59,15.1,0.49,3.245,652059.57,1002326.405
000792.SZ,20250407,15.8,15.95,14.84,15.1,16.49,-1.39,-8.4294,935753.82,1434749.058
000792.SZ,20250403,16.5,16.62,16.45,16.49,16.59,-0.1,-0.6028,279820.35,462141.938
000792.SZ,20250402,16.61,16.68,16.54,16.59,16.64,-0.05,-0.3005,227299.71,377235.354
000792.SZ,20250401,16.57,16.75,16.49,16.64,16.56,0.08,0.4831,336712.59,560470.127
000792.SZ,20250331,16.54,16.77,16.42,16.56,16.42,0.14,0.8526,418867.28,693633.744
000792.SZ,20250328,16.58,16.63,16.4,16.42,16.63,-0.21,-1.2628,321701.16,529772.026
000792.SZ,20250327,16.55,16.71,16.51,16.63,16.6,0.03,0.1807,253623.13,421390.405
000792.SZ,20250326,16.71,16.79,16.59,16.6,16.76,-0.16,-0.9547,295038.31,492436.256
000792.SZ,20250325,16.56,16.79,16.5,16.76,16.55,0.21,1.2689,402248.72,670656.298
000792.SZ,20250324,16.52,16.59,16.42,16.55,16.6,-0.05,-0.3012,334949.64,552416.177
000792.SZ,20250321,16.64,16.77,16.4,16.6,16.64,-0.04,-0.2404,443393.62,734992.695
000792.SZ,20250320,16.66,16.79,16.63,16.64,16.7,-0.06,-0.3593,243261.69,406036.482
000792.SZ,20250319,16.87,16.88,16.63,16.7,16.87,-0.17,-1.0077,357355.47,598193.247
000792.SZ,20250318,17.05,17.06,16.84,16.87,16.97,-0.1,-0.5893,280694.0,474734.019
000792.SZ,20250317,17.1,17.17,16.94,16.97,17.04,-0.07,-0.4108,340273.38,579312.789
000792.SZ,20250314,16.74,17.1,16.73,17.04,16.71,0.33,1.9749,791123.4,1346111.819
000792.SZ,20250313,16.42,16.78,16.38,16.71,16.48,0.23,1.3956,559413.52,925188.405
000792.SZ,20250312,16.54,16.58,16.4,16.48,16.53,-0.05,-0.3025,314340.44,517952.116
000792.SZ,20250311,16.32,16.53,16.28,16.53,16.52,0.01,0.0605,391711.43,641603.241
000792.SZ,20250310,16.73,16.79,16.46,16.52,16.75,-0.23,-1.3731,475929.1,787771.298
000792.SZ,20250307,16.7,16.93,16.64,16.75,16.74,0.01,0.0597,413230.03,694917.146
000792.SZ,20250306,16.56,16.74,16.47,16.74,16.51,0.23,1.3931,438249.62,728645.627
000792.SZ,20250305,16.64,16.65,16.42,16.51,16.64,-0.13,-0.7813,370529.63,611261.93
000792.SZ,20250304,16.68,16.71,16.43,16.64,16.84,-0.2,-1.1876,554827.89,919063.89
000792.SZ,20250303,16.6,17.1,16.55,16.84,16.5,0.34,2.0606,758159.18,1280775.836
000792.SZ,20250228,16.76,16.89,16.43,16.5,16.81,-0.31,-1.8441,475438.69,792264.035
000792.SZ,20250227,16.96,16.97,16.63,16.81,16.87,-0.06,-0.3557,498848.44,836166.528
000792.SZ,20250226,17.11,17.3,16.8,16.87,17.06,-0.19,-1.1137,579054.9,984001.285
000792.SZ,20250225,17.14,17.38,17.01,17.06,17.2,-0.14,-0.814,585786.92,1007276.133
000792.SZ,20250224,16.98,17.64,16.97,17.2,16.52,0.68,4.1162,1219270.38,2106783.35
000792.SZ,20250221,16.44,16.62,16.37,16.52,16.37,0.15,0.9163,420090.78,692213.876
000792.SZ,20250220,16.43,16.45,16.26,16.37,16.43,-0.06,-0.3652,284520.7,464984.14
000792.SZ,20250219,16.56,16.61,16.32,16.43,16.57,-0.14,-0.8449,445350.0,731676.843
000792.SZ,20250218,16.7,16.86,16.52,16.57,16.65,-0.08,-0.4805,444342.04,742612.903
000792.SZ,20250217,16.78,16.82,16.55,16.65,16.76,-0.11,-0.6563,318793.68,530473.702
000792.SZ,20250214,16.86,16.93,16.68,16.76,16.78,-0.02,-0.1192,307697.68,516729.253
000792.SZ,20250213,16.71,17.01,16.66,16.78,16.72,0.06,0.3589,565529.46,953311.64
000792.SZ,20250212,16.45,16.86,16.38,16.72,16.47,0.25,1.5179,492575.4,817309.189
000792.SZ,20250211,16.69,16.73,16.44,16.47,16.69,-0.22,-1.3182,308411.61,509797.296
000792.SZ,20250210,16.84,16.84,16.58,16.69,16.71,-0.02,-0.1197,358005.29,596539.61
000792.SZ,20250207,16.65,16.85,16.53,16.71,16.71,0.0,0.0,412254.06,688438.022
000792.SZ,20250206,16.32,16.75,16.26,16.71,16.31,0.4,2.4525,361108.75,597719.924
000792.SZ,20250205,16.54,16.59,16.22,16.31,16.53,-0.22,-1.3309,302223.51,494204.059
000792.SZ,20250127,16.33,16.78,16.32,16.53,16.25,0.28,1.7231,381647.88,634507.649
000792.SZ,20250124,16.15,16.28,16.1,16.25,16.15,0.1,0.6192,187519.2,304254.823
000792.SZ,20250123,16.31,16.52,16.12,16.15,16.2,-0.05,-0.3086,289163.95,471789.341
000792.SZ,20250122,16.21,16.25,16.01,16.2,16.31,-0.11,-0.6744,197403.29,318563.569
000792.SZ,20250121,16.6,16.65,16.25,16.31,16.55,-0.24,-1.4502,236902.17,387515.51
000792.SZ,20250120,16.82,16.88,16.51,16.55,16.79,-0.24,-1.4294,339882.13,566877.391
000792.SZ,20250117,16.53,16.82,16.49,16.79,16.53,0.26,1.5729,345792.32,577791.778
000792.SZ,20250116,16.52,16.69,16.36,16.53,16.49,0.04,0.2426,237924.21,393189.824
000792.SZ,20250115,16.53,16.57,16.33,16.49,16.49,0.0,0.0,258402.0,425631.651
000792.SZ,20250114,16.09,16.53,16.05,16.49,16.09,0.4,2.486,353660.75,578461.122
000792.SZ,20250113,15.81,16.25,15.71,16.09,15.9,0.19,1.195,340194.31,546607.47
000792.SZ,20250110,16.3,16.3,15.89,15.9,16.25,-0.35,-2.1538,266643.98,428368.193
000792.SZ,20250109,16.15,16.43,16.12,16.25,16.2,0.05,0.3086,263499.41,428592.848
000792.SZ,20250108,16.58,16.66,16.02,16.2,16.68,-0.48,-2.8777,496623.66,808088.309
000792.SZ,20250107,16.62,16.88,16.38,16.68,16.62,0.06,0.361,364879.25,607099.991
000792.SZ,20250106,16.35,17.03,16.29,16.62,16.34,0.28,1.7136,689366.26,1150946.635
000792.SZ,20250103,16.23,16.69,16.23,16.34,16.25,0.09,0.5538,569884.93,940100.201
000792.SZ,20250102,16.48,16.96,16.13,16.25,16.46,-0.21,-1.2758,639775.06,1055052.636
000792.SZ,20241231,16.7,16.75,16.32,16.46,16.45,0.01,0.0608,600798.62,991808.735
000792.SZ,20241230,16.39,16.48,16.24,16.45,16.4,0.05,0.3049,341701.6,558934.128
000792.SZ,20241227,16.48,16.62,16.4,16.4,16.47,-0.07,-0.425,255271.79,420854.36
000792.SZ,20241226,16.49,16.64,16.45,16.47,16.45,0.02,0.1216,185391.22,306222.584
000792.SZ,20241225,16.89,16.91,16.38,16.45,16.84,-0.39,-2.3159,302016.8,501138.621
000792.SZ,20241224,16.6,16.84,16.55,16.84,16.54,0.3,1.8138,257607.74,431942.044
000792.SZ,20241223,16.77,16.91,16.54,16.54,16.68,-0.14,-0.8393,272842.03,455442.426
000792.SZ,20241220,16.89,16.97,16.68,16.68,16.89,-0.21,-1.2433,429618.15,723149.918
000792.SZ,20241219,16.52,16.9,16.31,16.89,16.6,0.29,1.747,341383.8,570522.689
000792.SZ,20241218,16.62,16.7,16.54,16.6,16.53,0.07,0.4235,225065.33,373765.228
000792.SZ,20241217,16.59,16.79,16.51,16.53,16.54,-0.01,-0.0605,308582.77,512635.878
000792.SZ,20241216,16.7,16.82,16.46,16.54,16.76,-0.22,-1.3126,672014.61,1116558.212
000792.SZ,20241213,17.38,17.38,16.71,16.76,17.47,-0.71,-4.0641,1161026.45,1963670.915
000792.SZ,20241212,17.52,17.57,17.31,17.47,17.51,-0.04,-0.2284,472924.45,822747.465
000792.SZ,20241211,17.58,17.73,17.45,17.51,17.62,-0.11,-0.6243,347563.88,611041.758
000792.SZ,20241210,18.05,18.08,17.57,17.62,17.6,0.02,0.1136,396738.5,707115.15
000792.SZ,20241209,17.73,17.82,17.46,17.6,17.8,-0.2,-1.1236,261523.25,460948.286
000792.SZ,20241206,17.49,17.84,17.32,17.8,17.49,0.31,1.7724,397626.89,701292.088
000792.SZ,20241205,17.4,17.59,17.31,17.49,17.44,0.05,0.2867,296392.42,517655.298
000792.SZ,20241204,17.66,17.67,17.38,17.44,17.62,-0.18,-1.0216,303180.07,529946.415
000792.SZ,20241203,17.86,17.9,17.48,17.62,17.83,-0.21,-1.1778,446483.37,787282.599
000792.SZ,20241202,17.75,17.93,17.6,17.83,17.86,-0.03,-0.168,374366.63,666391.536
000792.SZ,20241129,17.67,18.08,17.61,17.86,17.66,0.2,1.1325,380522.07,679869.379
000792.SZ,20241128,18.03,18.13,17.61,17.66,18.03,-0.37,-2.0521,361411.24,642768.837
000792.SZ,20241127,17.7,18.06,17.6,18.03,17.82,0.21,1.1785,288309.27,515521.064
000792.SZ,20241126,18.17,18.18,17.74,17.82,18.17,-0.35,-1.9263,315685.98,565964.775
000792.SZ,20241125,18.33,18.62,18.09,18.17,18.33,-0.16,-0.8729,363897.44,666587.661
000792.SZ,20241122,18.81,18.95,18.32,18.33,18.98,-0.65,-3.4247,393629.51,733754.02
000792.SZ,20241121,18.96,19.15,18.83,18.98,19.21,-0.23,-1.1973,312371.11,593122.871
000792.SZ,20241120,18.8,19.8,18.75,19.21,18.99,0.22,1.1585,631150.42,1209787.145
000792.SZ,20241119,18.48,19.07,18.21,18.99,18.31,0.68,3.7138,530965.24,993597.158
000792.SZ,20241118,18.43,18.73,18.23,18.31,18.43,-0.12,-0.6511,415210.53,765104.068
000792.SZ,20241115,18.8,19.09,18.42,18.43,18.95,-0.52,-2.7441,528641.24,990188.455
000792.SZ,20241114,20.14,20.2,18.93,18.95,20.03,-1.08,-5.3919,848741.48,1644880.823
000792.SZ,20241113,19.74,20.33,19.65,20.03,19.71,0.32,1.6235,722503.47,1443410.482
000792.SZ,20241112,19.62,20.75,19.54,19.71,19.46,0.25,1.2847,1427370.19,2885697.538
000792.SZ,20241111,19.29,19.66,19.01,19.46,19.37,0.09,0.4646,636770.12,1228756.564
000792.SZ,20241108,19.78,20.04,19.29,19.37,19.51,-0.14,-0.7176,624295.56,1225021.677
000792.SZ,20241107,19.5,19.58,19.1,19.51,19.49,0.02,0.1026,669395.63,1295395.521
000792.SZ,20241106,18.86,20.2,18.7,19.49,18.96,0.53,2.7954,1185701.99,2335900.044
000792.SZ,20241105,18.34,19.1,18.28,18.96,18.38,0.58,3.1556,722982.48,1356427.615
000792.SZ,20241104,18.27,18.38,18.02,18.38,18.21,0.17,0.9336,424915.35,774218.232
000792.SZ,20241101,17.89,18.64,17.8,18.21,17.94,0.27,1.505,779582.47,1424790.779
000792.SZ,20241031,17.6,18.13,17.5,17.94,17.6,0.34,1.9318,474526.76,846654.22
000792.SZ,20241030,17.8,17.95,17.43,17.6,17.88,-0.28,-1.566,376838.78,666206.838
000792.SZ,20241029,18.11,18.16,17.8,17.88,18.09,-0.21,-1.1609,378287.24,678897.254
000792.SZ,20241028,18.0,18.22,17.87,18.09,18.05,0.04,0.2216,450204.29,813383.548
000792.SZ,20241025,17.31,18.38,17.31,18.05,17.37,0.68,3.9148,898426.94,1614325.512
000792.SZ,20241024,17.6,17.68,17.34,17.37,18.01,-0.64,-3.5536,515193.77,899626.353
000792.SZ,20241023,17.37,18.53,17.29,18.01,17.36,0.65,3.7442,1088126.29,1960503.44
000792.SZ,20241022,17.18,17.36,17.11,17.36,17.22,0.14,0.813,270116.4,466246.815
000792.SZ,20241021,17.33,17.44,17.01,17.22,17.21,0.01,0.0581,456833.15,785742.104
000792.SZ,20241018,16.79,17.49,16.66,17.21,16.83,0.38,2.2579,536867.37,914512.772
000792.SZ,20241017,17.39,17.47,16.83,16.83,17.27,-0.44,-2.5478,354733.72,607124.033
000792.SZ,20241016,17.26,17.63,17.15,17.27,17.4,-0.13,-0.7471,323439.77,561654.309
000792.SZ,20241015,17.43,17.77,17.25,17.4,17.4,0.0,0.0,473933.43,829496.232
000792.SZ,20241014,17.28,17.55,17.07,17.4,17.15,0.25,1.4577,429273.42,743900.881
000792.SZ,20241011,17.6,17.65,16.95,17.15,17.57,-0.42,-2.3904,542511.43,933132.875
000792.SZ,20241010,17.75,18.18,17.51,17.57,17.67,-0.1,-0.5659,649877.96,1158317.057
000792.SZ,20241009,18.48,18.8,17.5,17.67,19.0,-1.33,-7.0,1160669.13,2100287.08
000792.SZ,20241008,20.39,20.39,18.47,19.0,18.56,0.44,2.3707,1837265.68,3527711.0
000792.SZ,20240930,18.13,18.7,17.77,18.56,17.22,1.34,7.7816,1344359.29,2466374.294
000792.SZ,20240927,16.37,17.44,16.34,17.22,15.99,1.23,7.6923,903981.84,1529921.581
000792.SZ,20240926,15.4,15.99,15.36,15.99,15.46,0.53,3.4282,447554.82,704057.912
000792.SZ,20240925,15.5,15.8,15.4,15.46,15.29,0.17,1.1118,559424.49,873658.023
000792.SZ,20240924,14.56,15.29,14.55,15.29,14.48,0.81,5.5939,616280.25,925889.725
000792.SZ,20240923,14.38,14.65,14.38,14.48,14.49,-0.01,-0.069,197883.6,287791.87
000792.SZ,20240920,14.6,14.64,14.15,14.49,14.69,-0.2,-1.3615,464445.39,665935.746
000792.SZ,20240919,14.81,14.85,14.52,14.69,14.68,0.01,0.0681,274106.21,402628.754
000792.SZ,20240918,14.7,14.8,14.5,14.68,14.73,-0.05,-0.3394,210313.73,308011.374
000792.SZ,20240913,14.83,14.96,14.59,14.73,14.89,-0.16,-1.0745,294370.08,434027.926
000792.SZ,20240912,15.1,15.25,14.88,14.89,15.21,-0.32,-2.1039,377171.85,567657.576
000792.SZ,20240911,14.76,15.44,14.71,15.21,14.81,0.4,2.7009,614568.02,928313.014
000792.SZ,20240910,15.02,15.03,14.48,14.81,15.13,-0.32,-2.115,567561.66,833858.553
000792.SZ,20240909,16.0,16.0,14.92,15.13,14.72,0.41,2.7853,1171291.9,1781010.989
000792.SZ,20240906,14.96,14.98,14.68,14.72,14.8,-0.08,-0.5405,181198.0,267902.589
000792.SZ,20240905,14.85,15.2,14.76,14.8,14.79,0.01,0.0676,280952.09,418341.317
000792.SZ,20240904,14.81,14.93,14.75,14.79,14.89,-0.1,-0.6716,172816.63,256517.477
000792.SZ,20240903,14.52,14.98,14.38,14.89,14.56,0.33,2.2665,383185.97,567608.997
000792.SZ,20240902,14.64,14.93,14.55,14.56,14.63,-0.07,-0.4785,346278.89,509622.24
000792.SZ,20240830,14.02,14.8,14.02,14.63,13.96,0.67,4.7994,754783.85,1099097.312
000792.SZ,20240829,14.16,14.25,13.73,13.96,14.16,-0.2,-1.4124,370140.12,516231.898
000792.SZ,20240828,14.05,14.18,13.89,14.16,13.96,0.2,1.4327,321612.84,451846.984
000792.SZ,20240827,13.67,14.04,13.63,13.96,13.72,0.24,1.7493,284195.24,393737.256
000792.SZ,20240826,13.63,14.1,13.58,13.72,13.59,0.13,0.9566,218779.73,300004.983
000792.SZ,20240823,13.75,13.9,13.59,13.59,13.75,-0.16,-1.1636,223845.1,307217.283
000792.SZ,20240822,13.87,13.91,13.73,13.75,13.88,-0.13,-0.9366,169880.99,234300.61
000792.SZ,20240821,13.82,14.2,13.71,13.88,13.89,-0.01,-0.072,335845.57,469754.165
000792.SZ,20240820,14.03,14.09,13.79,13.89,13.96,-0.07,-0.5014,169446.18,235523.964
000792.SZ,20240819,13.9,14.09,13.88,13.96,13.93,0.03,0.2154,121425.53,170025.245
000792.SZ,20240816,14.08,14.15,13.9,13.93,14.04,-0.11,-0.7835,158999.17,222436.738
000792.SZ,20240815,14.0,14.22,13.93,14.04,14.04,0.0,0.0,223516.49,314727.354
000792.SZ,20240814,14.5,14.54,14.03,14.04,14.5,-0.46,-3.1724,251152.4,356213.791
000792.SZ,20240813,14.43,14.62,14.33,14.5,14.41,0.09,0.6246,163951.0,237229.326
000792.SZ,20240812,14.38,14.51,14.37,14.41,14.38,0.03,0.2086,122871.83,177277.879
000792.SZ,20240809,14.65,14.73,14.37,14.38,14.6,-0.22,-1.5068,175828.39,254648.87
000792.SZ,20240808,14.5,14.93,14.48,14.6,14.54,0.06,0.4127,258738.48,380652.451
000792.SZ,20240807,14.6,14.69,14.43,14.54,14.63,-0.09,-0.6152,153240.04,223399.045
000792.SZ,20240806,14.75,14.91,14.53,14.63,14.6,0.03,0.2055,223566.22,329030.75
000792.SZ,20240805,14.96,15.1,14.6,14.6,15.02,-0.42,-2.7963,281776.37,417222.377
000792.SZ,20240802,15.0,15.16,14.85,15.02,15.13,-0.11,-0.727,202646.62,304186.047
000792.SZ,20240801,15.56,15.63,15.1,15.13,15.54,-0.41,-2.6384,335523.25,511228.133
000792.SZ,20240731,15.24,15.6,15.18,15.54,15.26,0.28,1.8349,243371.03,376430.854
000792.SZ,20240730,15.21,15.29,15.07,15.26,15.29,-0.03,-0.1962,219463.76,332746.628
000792.SZ,20240729,15.64,15.69,15.29,15.29,15.65,-0.36,-2.3003,187148.04,288318.807
000792.SZ,20240726,15.51,15.71,15.45,15.65,15.47,0.18,1.1635,114733.74,179257.874
000792.SZ,20240725,15.3,15.59,15.28,15.47,15.38,0.09,0.5852,167021.53,258571.906
000792.SZ,20240724,15.42,15.55,15.31,15.38,15.47,-0.09,-0.5818,164300.99,253483.195
000792.SZ,20240723,16.1,16.1,15.46,15.47,16.04,-0.57,-3.5536,256251.78,402941.738
000792.SZ,20240722,16.25,16.3,15.96,16.04,16.25,-0.21,-1.2923,219928.15,353756.514
000792.SZ,20240719,15.89,16.48,15.76,16.25,15.9,0.35,2.2013,348745.61,564330.204
000792.SZ,20240718,15.91,15.99,15.63,15.9,16.03,-0.13,-0.811,270081.53,426598.323
000792.SZ,20240717,16.13,16.19,15.88,16.03,16.12,-0.09,-0.5583,207030.23,331344.092
000792.SZ,20240716,16.04,16.33,16.0,16.12,16.11,0.01,0.0621,181876.77,293585.317
000792.SZ,20240715,16.0,16.23,15.9,16.11,16.08,0.03,0.1866,139954.22,225263.605
000792.SZ,20240712,16.27,16.28,15.86,16.08,16.27,-0.19,-1.1678,237286.54,379801.986
000792.SZ,20240711,16.17,16.65,16.02,16.27,15.9,0.37,2.327,370810.52,605660.665
000792.SZ,20240710,15.9,16.36,15.68,15.9,16.07,-0.17,-1.0579,272366.44,436616.501
000792.SZ,20240709,16.37,16.39,15.92,16.07,16.36,-0.29,-1.7726,331671.44,534912.401
000792.SZ,20240708,16.8,16.87,16.28,16.36,16.85,-0.49,-2.908,225148.37,371382.447
000792.SZ,20240705,16.56,16.94,16.5,16.85,16.55,0.3,1.8127,236780.17,396275.292
000792.SZ,20240704,16.86,16.96,16.47,16.55,16.86,-0.31,-1.8387,218071.51,362076.819
000792.SZ,20240703,16.95,17.17,16.67,16.86,17.02,-0.16,-0.9401,196574.23,331338.818
000792.SZ,20240702,17.27,17.46,16.99,17.02,17.27,-0.25,-1.4476,250245.01,430845.043
000792.SZ,20240701,17.29,17.4,17.08,17.27,17.45,-0.18,-1.0315,196015.0,337567.459
000792.SZ,20240628,17.25,17.7,17.21,17.45,17.29,0.16,0.9254,288454.5,505126.373
000792.SZ,20240627,17.24,17.48,17.17,17.29,17.25,0.04,0.2319,304013.92,526981.154
000792.SZ,20240626,16.75,17.28,16.66,17.25,16.79,0.46,2.7397,303689.87,517614.633
000792.SZ,20240625,16.9,17.11,16.7,16.79,16.94,-0.15,-0.8855,221029.93,372452.282
000792.SZ,20240624,17.42,17.53,16.91,16.94,17.5,-0.56,-3.2,387630.43,662889.203
000792.SZ,20240621,16.59,17.65,16.58,17.5,16.58,0.92,5.5489,900866.51,1569571.442
000792.SZ,20240620,16.73,16.85,16.52,16.58,16.78,-0.2,-1.1919,175798.0,293420.633
000792.SZ,20240619,17.05,17.12,16.73,16.78,17.05,-0.27,-1.5836,160159.38,270632.168
000792.SZ,20240618,17.01,17.22,16.84,17.05,17.0,0.05,0.2941,148506.1,252829.788
000792.SZ,20240617,17.0,17.17,16.95,17.0,17.06,-0.06,-0.3517,117428.5,200045.873
000792.SZ,20240614,17.22,17.27,16.79,17.06,17.31,-0.25,-1.4443,336799.84,572403.926
000792.SZ,20240613,17.46,17.57,17.27,17.31,17.43,-0.12,-0.6885,177876.38,310083.698
000792.SZ,20240612,17.19,17.55,17.17,17.43,17.23,0.2,1.1608,212202.73,369840.177
000792.SZ,20240611,17.12,17.29,16.94,17.23,17.18,0.05,0.291,162896.2,279595.182
000792.SZ,20240607,17.17,17.34,17.05,17.18,17.11,0.07,0.4091,225097.91,387451.56
000792.SZ,20240606,17.32,17.53,17.06,17.11,17.24,-0.13,-0.7541,249486.47,430000.605
000792.SZ,20240605,17.46,17.54,17.2,17.24,17.48,-0.24,-1.373,166939.21,289334.282
000792.SZ,20240604,17.25,17.55,17.13,17.48,17.26,0.22,1.2746,193711.0,336940.425
000792.SZ,20240603,17.27,17.39,17.13,17.26,17.29,-0.03,-0.1735,184258.01,317748.978
000792.SZ,20240531,17.53,17.66,17.18,17.29,17.52,-0.23,-1.3128,240498.15,417509.978
000792.SZ,20240530,17.4,17.75,17.4,17.52,17.37,0.15,0.8636,257757.82,453189.973
000792.SZ,20240529,17.3,17.54,17.29,17.37,17.39,-0.02,-0.115,160451.28,279308.994
000792.SZ,20240528,17.46,17.64,17.35,17.39,17.49,-0.1,-0.5718,169247.24,295560.82
000792.SZ,20240527,17.28,17.5,17.11,17.49,17.19,0.3,1.7452,185239.24,321433.425
000792.SZ,20240524,17.31,17.45,17.19,17.19,17.37,-0.18,-1.0363,213204.99,368841.28
000792.SZ,20240523,17.86,17.86,17.29,17.37,17.93,-0.56,-3.1233,402604.2,703939.233
000792.SZ,20240522,18.02,18.29,17.9,17.93,18.06,-0.13,-0.7198,277313.05,500833.02
000792.SZ,20240521,17.91,18.08,17.84,18.06,17.98,0.08,0.4449,279200.16,502342.873
000792.SZ,20240520,18.1,18.14,17.81,17.98,18.03,-0.05,-0.2773,301813.45,542331.611
000792.SZ,20240517,17.69,18.05,17.59,18.03,17.68,0.35,1.9796,318984.14,570351.531
000792.SZ,20240516,17.89,17.98,17.65,17.68,17.84,-0.16,-0.8969,262440.08,466734.671
000792.SZ,20240515,18.01,18.21,17.81,17.84,18.09,-0.25,-1.382,232541.52,417357.228
000792.SZ,20240514,18.01,18.33,17.96,18.09,18.03,0.06,0.3328,319322.43,578437.678
000792.SZ,20240513,17.9,18.17,17.71,18.03,18.14,-0.11,-0.6064,376773.47,676356.238
000792.SZ,20240510,18.28,18.5,18.11,18.14,18.15,-0.01,-0.0551,478379.52,872678.726
000792.SZ,20240509,18.04,18.3,17.92,18.15,18.09,0.06,0.3317,419171.88,760083.613
000792.SZ,20240508,18.21,18.55,18.05,18.09,18.21,-0.12,-0.659,604132.77,1103491.462
000792.SZ,20240507,17.99,18.38,17.81,18.21,17.59,0.62,3.5247,934066.93,1697245.78
000792.SZ,20240506,16.8,17.97,16.8,17.59,16.59,1.0,6.0277,1045834.54,1830407.098
000792.SZ,20240430,16.7,16.72,16.33,16.59,17.0,-0.41,-2.4118,562990.97,931480.089
000792.SZ,20240429,16.48,17.09,16.4,17.0,16.45,0.55,3.3435,548144.0,924487.776
000792.SZ,20240426,16.21,16.46,16.16,16.45,16.29,0.16,0.9822,341718.8,558753.624
000792.SZ,20240425,16.37,16.6,16.25,16.29,16.41,-0.12,-0.7313,332228.11,544446.597
000792.SZ,20240424,16.75,16.85,16.32,16.41,16.86,-0.45,-2.669,472672.39,780347.917
000792.SZ,20240423,17.19,17.3,16.81,16.86,17.26,-0.4,-2.3175,386696.15,657779.868
000792.SZ,20240422,17.41,17.54,17.16,17.26,17.41,-0.15,-0.8616,554767.74,961557.226
000792.SZ,20240419,17.17,17.74,16.97,17.41,16.51,0.9,5.4512,1022512.77,1772819.977
000792.SZ,20240418,16.35,16.68,16.21,16.51,16.32,0.19,1.1642,260504.19,429666.663
000792.SZ,20240417,16.03,16.34,16.03,16.32,15.99,0.33,2.0638,295909.66,479768.148
000792.SZ,20240416,16.63,16.63,15.94,15.99,16.68,-0.69,-4.1367,387310.07,629240.409
000792.SZ,20240415,16.38,16.95,16.27,16.68,16.47,0.21,1.275,361783.36,603179.731
000792.SZ,20240412,16.63,16.74,16.39,16.47,16.69,-0.22,-1.3182,198773.74,328463.838
000792.SZ,20240411,16.7,16.91,16.45,16.69,16.87,-0.18,-1.067,311333.43,518714.701
000792.SZ,20240410,17.07,17.14,16.8,16.87,17.07,-0.2,-1.1716,284651.28,483061.951
000792.SZ,20240409,16.71,17.13,16.71,17.07,16.78,0.29,1.7282,380653.0,646637.497
000792.SZ,20240408,16.86,17.38,16.74,16.78,16.85,-0.07,-0.4154,581154.03,989957.751
000792.SZ,20240403,16.5,16.95,16.45,16.85,16.5,0.35,2.1212,455734.14,764392.422
000792.SZ,20240402,16.43,16.57,16.3,16.5,16.47,0.03,0.1821,260106.81,427910.966
000792.SZ,20240401,16.1,16.57,16.04,16.47,16.04,0.43,2.6808,333457.08,546687.651
000792.SZ,20240329,15.87,16.15,15.86,16.04,15.9,0.14,0.8805,153884.95,246543.574
000792.SZ,20240328,15.97,16.15,15.83,15.9,15.92,-0.02,-0.1256,214408.6,342458.774
000792.SZ,20240327,16.15,16.24,15.92,15.92,16.19,-0.27,-1.6677,185567.63,298593.797
000792.SZ,20240326,16.07,16.3,15.88,16.19,16.05,0.14,0.8723,230019.73,369729.539
000792.SZ,20240325,16.21,16.28,16.04,16.05,16.21,-0.16,-0.987,233171.18,376747.103
000792.SZ,20240322,16.6,16.65,16.15,16.21,16.66,-0.45,-2.7011,301858.76,492108.204
000792.SZ,20240321,16.85,16.89,16.6,16.66,16.81,-0.15,-0.8923,194045.27,324128.394
000792.SZ,20240320,16.75,16.91,16.69,16.81,16.8,0.01,0.0595,175896.84,295908.677
000792.SZ,20240319,17.01,17.11,16.77,16.8,17.05,-0.25,-1.4663,347354.83,587992.8
000792.SZ,20240318,17.2,17.21,16.91,17.05,17.2,-0.15,-0.8721,337422.58,574473.872
000792.SZ,20240315,16.88,17.27,16.8,17.2,16.92,0.28,1.6548,354704.3,604428.877
000792.SZ,20240314,17.07,17.34,16.85,16.92,17.12,-0.2,-1.1682,328451.26,559850.207
000792.SZ,20240313,17.06,17.17,16.95,17.12,17.01,0.11,0.6467,267472.14,456773.288
000792.SZ,20240312,17.24,17.28,16.88,17.01,17.18,-0.17,-0.9895,401874.98,684301.277
000792.SZ,20240311,16.73,17.36,16.65,17.18,16.6,0.58,3.494,762952.94,1302509.492
000792.SZ,20240308,16.58,16.86,16.52,16.6,16.6,0.0,0.0,276570.96,461036.506
000792.SZ,20240307,16.58,16.96,16.55,16.6,16.57,0.03,0.1811,424191.13,708790.377
000792.SZ,20240306,16.47,16.69,16.21,16.57,16.58,-0.01,-0.0603,336114.49,553622.347
000792.SZ,20240305,16.49,16.68,16.38,16.58,16.64,-0.06,-0.3606,420954.91,697526.918
000792.SZ,20240304,16.68,17.08,16.52,16.64,16.55,0.09,0.5438,601617.57,1011415.019
000792.SZ,20240301,16.1,16.84,16.1,16.55,16.15,0.4,2.4768,698031.11,1152455.036
000792.SZ,20240229,15.5,16.2,15.48,16.15,15.58,0.57,3.6585,514431.26,818848.452
000792.SZ,20240228,15.67,16.25,15.58,15.58,15.63,-0.05,-0.3199,668285.4,1067549.239
000792.SZ,20240227,15.45,15.65,15.4,15.63,15.56,0.07,0.4499,240553.17,373447.707
000792.SZ,20240226,15.55,15.81,15.5,15.56,15.55,0.01,0.0643,313926.72,491971.785
000792.SZ,20240223,15.55,15.72,15.4,15.55,15.53,0.02,0.1288,351147.85,545724.872
000792.SZ,20240222,15.38,15.62,15.29,15.53,15.32,0.21,1.3708,350893.81,543606.149
000792.SZ,20240221,15.14,15.66,15.08,15.32,15.2,0.12,0.7895,398281.66,614250.102
000792.SZ,20240220,15.06,15.23,14.95,15.2,15.14,0.06,0.3963,276512.93,418031.409
000792.SZ,20240219,15.01,15.29,14.98,15.14,15.0,0.14,0.9333,347151.79,524450.562
000792.SZ,20240208,15.02,15.23,14.93,15.0,15.0,0.0,0.0,410460.62,619265.19
000792.SZ,20240207,14.62,15.1,14.59,15.0,14.65,0.35,2.3891,432995.72,647817.327
000792.SZ,20240206,13.6,14.78,13.55,14.65,13.65,1.0,7.326,489247.65,704344.356
000792.SZ,20240205,13.82,14.03,13.1,13.65,13.89,-0.24,-1.7279,396590.52,542227.637
000792.SZ,20240202,14.27,14.4,13.46,13.89,14.3,-0.41,-2.8671,297475.12,415661.889
000792.SZ,20240201,14.27,14.55,14.12,14.3,14.34,-0.04,-0.2789,204651.38,293116.076
000792.SZ,20240131,14.67,14.85,14.34,14.34,14.66,-0.32,-2.1828,272942.13,396066.289
000792.SZ,20240130,14.91,15.02,14.65,14.66,14.96,-0.3,-2.0053,207213.4,307760.787
000792.SZ,20240129,15.29,15.36,14.95,14.96,15.1,-0.14,-0.9272,267231.38,404275.027
000792.SZ,20240126,15.16,15.28,15.07,15.1,15.2,-0.1,-0.6579,246536.66,373793.117
000792.SZ,20240125,14.85,15.22,14.81,15.2,14.9,0.3,2.0134,312837.01,471234.932
000792.SZ,20240124,14.8,14.91,14.36,14.9,14.73,0.17,1.1541,255092.56,374196.813
000792.SZ,20240123,14.65,14.85,14.45,14.73,14.67,0.06,0.409,204381.55,300636.522
000792.SZ,20240122,14.95,15.1,14.56,14.67,15.06,-0.39,-2.5896,316363.93,471245.761
000792.SZ,20240119,14.89,15.38,14.88,15.06,14.98,0.08,0.534,304687.58,461830.728
000792.SZ,20240118,14.8,15.0,14.46,14.98,14.85,0.13,0.8754,352742.88,519060.001
000792.SZ,20240117,15.23,15.26,14.85,14.85,15.27,-0.42,-2.7505,253568.33,380917.6
000792.SZ,20240116,15.19,15.34,15.04,15.27,15.23,0.04,0.2626,202981.73,308428.242
000792.SZ,20240115,15.38,15.55,15.22,15.23,15.46,-0.23,-1.4877,160179.8,245393.676
000792.SZ,20240112,15.42,15.62,15.37,15.46,15.46,0.0,0.0,261715.66,406343.395
000792.SZ,20240111,15.16,15.7,14.97,15.46,15.15,0.31,2.0462,387661.16,596788.657
000792.SZ,20240110,15.08,15.44,14.93,15.15,15.1,0.05,0.3311,205557.7,312374.614
000792.SZ,20240109,15.05,15.22,14.83,15.1,15.08,0.02,0.1326,218601.61,328756.683
000792.SZ,20240108,15.38,15.5,15.07,15.08,15.41,-0.33,-2.1415,228291.82,347972.137
000792.SZ,20240105,15.46,15.73,15.3,15.41,15.51,-0.1,-0.6447,199646.66,310111.975
000792.SZ,20240104,15.71,15.74,15.39,15.51,15.76,-0.25,-1.5863,191409.26,297056.15
000792.SZ,20240103,15.78,15.83,15.67,15.76,15.74,0.02,0.1271,166266.49,261754.715
000792.SZ,20240102,16.0,16.01,15.74,15.74,15.95,-0.21,-1.3166,223984.0,353800.05
000792.SZ,20231229,15.8,16.04,15.79,15.95,15.87,0.08,0.5041,261249.18,416444.278
000792.SZ,20231228,15.15,15.98,15.08,15.87,15.17,0.7,4.6144,646373.0,1015825.609
000792.SZ,20231227,15.2,15.24,14.92,15.17,15.14,0.03,0.1982,155674.02,234515.707
000792.SZ,20231226,15.27,15.39,15.12,15.14,15.27,-0.13,-0.8513,154119.87,235018.511
000792.SZ,20231225,15.29,15.42,15.22,15.27,15.31,-0.04,-0.2613,133036.31,203493.078
000792.SZ,20231222,15.07,15.59,14.93,15.31,15.07,0.24,1.5926,361425.84,553273.543
000792.SZ,20231221,14.89,15.14,14.83,15.07,14.9,0.17,1.1409,194125.04,291407.561
000792.SZ,20231220,15.04,15.13,14.88,14.9,15.04,-0.14,-0.9309,118554.93,177874.377
000792.SZ,20231219,14.95,15.1,14.89,15.04,15.0,0.04,0.2667,120781.98,181174.394
000792.SZ,20231218,15.2,15.32,14.94,15.0,15.25,-0.25,-1.6393,202085.73,304522.466
000792.SZ,20231215,15.3,15.65,15.21,15.25,15.25,0.0,0.0,209480.64,322467.734
000792.SZ,20231214,15.57,15.67,15.25,15.25,15.51,-0.26,-1.6763,191878.91,295483.658
000792.SZ,20231213,15.82,15.85,15.5,15.51,15.82,-0.31,-1.9595,177455.8,276947.936
000792.SZ,20231212,15.8,15.92,15.77,15.82,15.87,-0.05,-0.3151,126044.32,199490.286
000792.SZ,20231211,16.06,16.07,15.66,15.87,16.05,-0.18,-1.1215,269618.16,426233.466
000792.SZ,20231208,16.44,16.47,16.01,16.05,16.11,-0.06,-0.3724,254665.37,411012.876
000792.SZ,20231207,16.1,16.22,15.75,16.11,16.2,-0.09,-0.5556,348020.4,555573.665
000792.SZ,20231206,15.5,16.51,15.42,16.2,15.63,0.57,3.6468,662398.34,1075134.536
000792.SZ,20231205,15.88,16.15,15.6,15.63,15.94,-0.31,-1.9448,296824.71,471918.78
000792.SZ,20231204,15.9,16.13,15.86,15.94,15.99,-0.05,-0.3127,171356.28,274309.043
000792.SZ,20231201,15.9,16.15,15.73,15.99,15.85,0.14,0.8833,195269.1,310992.574
000792.SZ,20231130,15.96,16.01,15.8,15.85,15.97,-0.12,-0.7514,136216.87,216495.225
000792.SZ,20231129,16.06,16.28,15.94,15.97,16.07,-0.1,-0.6223,157166.7,252909.557
000792.SZ,20231128,15.85,16.08,15.76,16.07,15.88,0.19,1.1965,162673.31,259226.015
000792.SZ,20231127,16.12,16.13,15.73,15.88,16.13,-0.25,-1.5499,242093.31,384220.629
000792.SZ,20231124,16.23,16.24,16.1,16.13,16.24,-0.11,-0.6773,165434.38,267213.828
000792.SZ,20231123,16.15,16.28,16.13,16.24,16.2,0.04,0.2469,133062.08,215524.449
000792.SZ,20231122,16.55,16.6,16.2,16.2,16.62,-0.42,-2.5271,201918.96,329689.161
000792.SZ,20231121,16.72,16.9,16.55,16.62,16.68,-0.06,-0.3597,143601.58,240688.972
000792.SZ,20231120,16.77,16.77,16.5,16.68,16.71,-0.03,-0.1795,137754.59,228926.724
000792.SZ,20231117,16.68,16.79,16.65,16.71,16.71,0.0,0.0,100986.29,168772.204
000792.SZ,20231116,17.01,17.07,16.71,16.71,17.05,-0.34,-1.9941,196766.99,331170.773
000792.SZ,20231115,16.95,17.28,16.93,17.05,16.76,0.29,1.7303,351765.54,601795.332
000792.SZ,20231114,16.85,16.97,16.7,16.76,16.84,-0.08,-0.4751,138284.56,232339.902
000792.SZ,20231113,16.93,16.99,16.75,16.84,16.87,-0.03,-0.1778,108413.6,182457.599
000792.SZ,20231110,16.85,16.97,16.76,16.87,16.91,-0.04,-0.2365,113773.15,191944.048
000792.SZ,20231109,16.88,17.08,16.88,16.91,16.88,0.03,0.1777,110442.64,187373.791
000792.SZ,20231108,16.92,17.02,16.8,16.88,16.98,-0.1,-0.5889,140195.57,237078.278
000792.SZ,20231107,17.01,17.08,16.93,16.98,17.08,-0.1,-0.5855,137017.07,232655.586
000792.SZ,20231106,16.84,17.23,16.78,17.08,16.76,0.32,1.9093,236167.84,403033.123
000792.SZ,20231103,16.63,16.8,16.6,16.76,16.59,0.17,1.0247,115123.93,192708.748
000792.SZ,20231102,16.74,16.85,16.56,16.59,16.71,-0.12,-0.7181,112036.0,186931.34
000792.SZ,20231101,16.86,16.95,16.6,16.71,16.93,-0.22,-1.2995,169881.11,283930.95
000792.SZ,20231031,16.78,16.99,16.65,16.93,16.81,0.12,0.7139,174336.95,293580.656
000792.SZ,20231030,16.62,16.94,16.58,16.81,16.71,0.1,0.5984,198137.66,333072.099
000792.SZ,20231027,16.11,16.88,16.04,16.71,16.22,0.49,3.021,459531.56,763471.891
000792.SZ,20231026,16.13,16.25,15.92,16.22,16.21,0.01,0.0617,182420.41,293300.77
000792.SZ,20231025,16.28,16.47,16.18,16.21,16.16,0.05,0.3094,184696.87,301078.109
000792.SZ,20231024,16.09,16.32,16.04,16.16,16.04,0.12,0.7481,212551.38,343651.208
000792.SZ,20231023,16.26,16.38,15.91,16.04,16.39,-0.35,-2.1354,201410.77,324089.215
000792.SZ,20231020,16.18,16.69,16.12,16.39,16.19,0.2,1.2353,278071.58,456673.527
000792.SZ,20231019,16.56,16.67,16.17,16.19,16.69,-0.5,-2.9958,251602.17,412296.246
000792.SZ,20231018,17.0,17.01,16.68,16.69,17.02,-0.33,-1.9389,164144.72,275599.243
000792.SZ,20231017,17.1,17.21,16.95,17.02,17.06,-0.04,-0.2345,133956.25,228483.447
000792.SZ,20231016,17.6,17.65,17.0,17.06,17.51,-0.45,-2.57,246997.09,424876.831
000792.SZ,20231013,17.67,17.67,17.43,17.51,17.72,-0.21,-1.1851,174507.07,305740.09
000792.SZ,20231012,17.44,17.91,17.36,17.72,17.3,0.42,2.4277,474315.87,837978.156
000792.SZ,20231011,17.47,17.59,17.26,17.3,17.47,-0.17,-0.9731,165317.8,287898.261
000792.SZ,20231010,17.27,17.83,17.24,17.47,17.17,0.3,1.7472,370051.5,650609.016
000792.SZ,20231009,17.15,17.28,16.86,17.17,17.16,0.01,0.0583,193261.27,330026.172
000792.SZ,20230928,17.1,17.38,17.08,17.16,17.1,0.06,0.3509,154525.91,266046.582
000792.SZ,20230927,17.15,17.26,16.66,17.1,17.2,-0.1,-0.5814,282388.05,481025.843
000792.SZ,20230926,17.48,17.55,17.18,17.2,17.54,-0.34,-1.9384,193336.74,334393.827
000792.SZ,20230925,17.48,17.68,17.38,17.54,17.48,0.06,0.3432,177622.55,311658.073
000792.SZ,20230922,17.23,17.5,17.18,17.48,17.24,0.24,1.3921,170908.01,296730.19
000792.SZ,20230921,17.34,17.55,17.23,17.24,17.36,-0.12,-0.6912,129416.55,224003.518
000792.SZ,20230920,17.51,17.51,17.34,17.36,17.51,-0.15,-0.8567,105807.57,184276.012
000792.SZ,20230919,17.6,17.7,17.45,17.51,17.71,-0.2,-1.1293,121913.92,213802.194
000792.SZ,20230918,17.3,17.82,17.17,17.71,17.49,0.22,1.2579,218887.56,384318.154
000792.SZ,20230915,17.9,17.9,17.47,17.49,17.8,-0.31,-1.7416,226004.12,397989.228
000792.SZ,20230914,17.83,17.9,17.75,17.8,17.9,-0.1,-0.5587,136938.19,243927.629
000792.SZ,20230913,17.91,18.21,17.86,17.9,18.0,-0.1,-0.5556,176669.62,318378.671
000792.SZ,20230912,17.82,18.44,17.81,18.0,17.84,0.16,0.8969,305747.84,555172.761
000792.SZ,20230911,17.71,18.07,17.62,17.84,17.66,0.18,1.0193,185209.78,330284.494
000792.SZ,20230908,17.81,17.9,17.64,17.66,17.88,-0.22,-1.2304,126894.02,224783.788
000792.SZ,20230907,18.19,18.19,17.85,17.88,18.2,-0.32,-1.7582,156185.9,280785.521
000792.SZ,20230906,18.25,18.26,18.1,18.2,18.31,-0.11,-0.6008,141647.29,257239.987
000792.SZ,20230905,18.25,18.52,18.24,18.31,18.35,-0.04,-0.218,191609.73,351789.487
000792.SZ,20230904,17.96,18.5,17.92,18.35,17.88,0.47,2.6286,314125.37,573567.541
000792.SZ,20230901,18.01,18.06,17.81,17.88,17.9,-0.02,-0.1117,142630.93,255346.288
000792.SZ,20230831,18.02,18.12,17.87,17.9,18.08,-0.18,-0.9956,185343.23,333218.346
000792.SZ,20230830,18.02,18.24,17.91,18.08,17.93,0.15,0.8366,211837.02,383099.698
000792.SZ,20230829,17.62,18.14,17.5,17.93,17.8,0.13,0.7303,250030.23,448365.502
000792.SZ,20230828,18.5,18.7,17.57,17.8,17.84,-0.04,-0.2242,448787.36,814426.183
000792.SZ,20230825,17.64,18.49,17.64,17.84,17.41,0.43,2.4698,643343.39,1164845.856
000792.SZ,20230824,17.37,17.57,17.3,17.41,17.3,0.11,0.6358,163856.42,285836.571
000792.SZ,20230823,17.68,17.75,17.3,17.3,17.71,-0.41,-2.3151,176974.0,309512.369
000792.SZ,20230822,17.77,17.83,17.39,17.71,17.66,0.05,0.2831,203951.08,358704.547
000792.SZ,20230821,18.0,18.07,17.66,17.66,17.99,-0.33,-1.8344,175913.04,314145.107
000792.SZ,20230818,18.27,18.33,17.98,17.99,18.28,-0.29,-1.5864,168231.37,304972.148
000792.SZ,20230817,18.47,18.47,18.04,18.28,18.54,-0.26,-1.4024,251283.0,457856.205
000792.SZ,20230816,18.7,18.84,18.51,18.54,18.78,-0.24,-1.278,160999.01,300074.847
000792.SZ,20230815,18.92,18.96,18.6,18.78,18.92,-0.14,-0.74,166247.34,311575.914
000792.SZ,20230814,19.1,19.1,18.78,18.92,19.16,-0.24,-1.2526,193379.06,365584.869
000792.SZ,20230811,19.65,19.67,19.11,19.16,19.65,-0.49,-2.4936,213850.95,412938.568
000792.SZ,20230810,19.62,19.74,19.5,19.65,19.61,0.04,0.204,103902.28,203962.065
000792.SZ,20230809,19.56,19.69,19.54,19.61,19.6,0.01,0.051,104380.85,204752.789
000792.SZ,20230808,19.7,19.76,19.43,19.6,19.65,-0.05,-0.2545,146978.51,287879.718
000792.SZ,20230807,19.79,19.79,19.55,19.65,19.85,-0.2,-1.0076,170309.13,334234.302
000792.SZ,20230804,20.0,20.17,19.8,19.85,19.88,-0.03,-0.1509,219602.0,438298.505
000792.SZ,20230803,19.7,19.92,19.68,19.88,19.75,0.13,0.6582,138463.5,274713.839
000792.SZ,20230802,19.87,19.98,19.71,19.75,19.95,-0.2,-1.0025,158183.95,313039.745
000792.SZ,20230801,20.0,20.18,19.81,19.95,20.0,-0.05,-0.25,229524.93,458991.825
000792.SZ,20230731,20.03,20.26,19.85,20.0,19.97,0.03,0.1502,314163.26,629300.746
000792.SZ,20230728,19.28,20.19,19.21,19.97,19.35,0.62,3.2041,525021.61,1042314.602
000792.SZ,20230727,19.6,19.6,19.31,19.35,19.54,-0.19,-0.9724,197738.95,384653.881
000792.SZ,20230726,19.5,19.69,19.4,19.54,19.47,0.07,0.3595,224144.05,438040.642
000792.SZ,20230725,19.27,19.5,19.2,19.47,19.09,0.38,1.9906,316128.02,611728.323
000792.SZ,20230724,19.51,19.53,19.04,19.09,19.6,-0.51,-2.602,307971.06,591003.779
000792.SZ,20230721,19.85,19.93,19.53,19.6,19.97,-0.37,-1.8528,344490.82,678704.716
000792.SZ,20230720,19.4,20.44,19.37,19.97,19.37,0.6,3.0976,765238.44,1533303.494
000792.SZ,20230719,19.39,19.65,19.31,19.37,19.38,-0.01,-0.0516,212149.64,412433.658
000792.SZ,20230718,19.24,19.54,19.11,19.38,19.16,0.22,1.1482,325490.4,629011.384
000792.SZ,20230717,19.27,19.27,19.09,19.16,19.15,0.01,0.0522,113600.25,217569.877
000792.SZ,20230714,19.29,19.34,19.09,19.15,19.29,-0.14,-0.7258,147270.0,282299.334
000792.SZ,20230713,19.2,19.36,19.18,19.29,19.13,0.16,0.8364,176464.71,340477.546
000792.SZ,20230712,19.12,19.39,19.06,19.13,19.13,0.0,0.0,214412.76,412246.341
000792.SZ,20230711,19.1,19.21,18.9,19.13,19.2,-0.07,-0.3646,174288.7,331896.516
000792.SZ,20230710,18.99,19.49,18.99,19.2,18.97,0.23,1.2124,182388.62,351083.147
000792.SZ,20230707,19.0,19.09,18.88,18.97,19.06,-0.09,-0.4722,116304.6,220641.161
000792.SZ,20230706,19.4,19.4,19.01,19.06,19.41,-0.35,-1.8032,212034.12,405308.221
000792.SZ,20230705,19.28,19.66,19.24,19.41,19.36,0.05,0.2583,237836.32,462273.913
000792.SZ,20230704,19.3,19.44,19.18,19.36,19.25,0.11,0.5714,172654.03,333800.371
000792.SZ,20230703,19.17,19.4,19.13,19.25,19.17,0.08,0.4173,184135.67,354419.007
000792.SZ,20230630,18.76,19.47,18.74,19.17,18.74,0.43,2.2946,342603.5,658831.8
000792.SZ,20230629,18.87,18.96,18.73,18.74,18.94,-0.2,-1.056,133263.32,250942.907
000792.SZ,20230628,18.97,19.12,18.85,18.94,19.02,-0.08,-0.4206,117117.91,221948.524
000792.SZ,20230627,19.0,19.15,18.84,19.02,19.0,0.02,0.1053,132573.29,251602.141
000792.SZ,20230626,18.79,19.19,18.7,19.0,18.88,0.12,0.6356,141470.25,268102.222
000792.SZ,20230621,19.12,19.33,18.87,18.88,19.08,-0.2,-1.0482,190663.55,363092.454
000792.SZ,20230620,19.26,19.34,19.08,19.08,19.25,-0.17,-0.8831,145332.33,278451.639
000792.SZ,20230619,19.6,19.68,19.23,19.25,19.59,-0.34,-1.7356,194924.71,377676.355
000792.SZ,20230616,19.56,19.64,19.46,19.59,19.59,0.0,0.0,169228.3,330965.15
000792.SZ,20230615,19.21,19.6,19.02,19.59,19.23,0.36,1.8721,250403.71,485609.18
000792.SZ,20230614,19.5,19.56,19.22,19.23,19.36,-0.13,-0.6715,161225.85,312517.024
000792.SZ,20230613,19.39,19.48,19.28,19.36,19.38,-0.02,-0.1032,107796.65,208686.274
000792.SZ,20230612,19.32,19.5,19.12,19.38,19.38,0.0,0.0,155780.64,301279.202
000792.SZ,20230609,19.35,19.65,19.2,19.38,19.39,-0.01,-0.0516,185090.18,358553.602
000792.SZ,20230608,19.33,19.67,19.33,19.39,19.33,0.06,0.3104,151506.43,295202.228
000792.SZ,20230607,19.46,19.62,19.24,19.33,19.42,-0.09,-0.4634,116749.77,225837.6
000792.SZ,20230606,19.75,19.83,19.37,19.42,19.75,-0.33,-1.6709,149336.89,291854.442
000792.SZ,20230605,19.7,19.9,19.52,19.75,19.65,0.1,0.5089,215583.99,426010.719
000792.SZ,20230602,19.09,19.74,19.06,19.65,19.05,0.6,3.1496,332651.47,647347.777
000792.SZ,20230601,18.81,19.33,18.8,19.05,18.79,0.26,1.3837,222117.36,425023.371
000792.SZ,20230531,18.83,18.88,18.64,18.79,18.82,-0.03,-0.1594,145121.2,272379.848
000792.SZ,20230530,18.83,18.99,18.5,18.82,18.89,-0.07,-0.3706,247830.51,463426.239
000792.SZ,20230529,18.93,19.04,18.8,18.89,18.93,-0.04,-0.2113,187186.86,354162.13
000792.SZ,20230526,19.64,19.66,18.89,18.93,19.67,-0.74,-3.7621,463378.92,885502.726
000792.SZ,20230525,20.15,20.23,19.5,19.67,20.23,-0.56,-2.7682,289166.95,573867.612
000792.SZ,20230524,20.29,20.44,20.11,20.23,20.35,-0.12,-0.5897,141719.15,286943.754
000792.SZ,20230523,20.49,20.57,20.35,20.35,20.47,-0.12,-0.5862,168452.66,344397.152
000792.SZ,20230522,20.15,20.49,20.09,20.47,20.16,0.31,1.5377,197603.53,401232.879
000792.SZ,20230519,20.26,20.26,20.05,20.16,20.22,-0.06,-0.2967,109606.91,220797.64
000792.SZ,20230518,20.5,20.55,20.08,20.22,20.44,-0.22,-1.0763,215596.48,436957.728
000792.SZ,20230517,20.4,20.49,20.28,20.44,20.46,-0.02,-0.0978,164701.18,335602.908
000792.SZ,20230516,20.8,20.82,20.4,20.46,20.8,-0.34,-1.6346,261550.58,537120.749
000792.SZ,20230515,19.98,20.8,19.98,20.8,19.92,0.88,4.4177,597559.35,1228953.049
000792.SZ,20230512,20.4,20.55,19.91,19.92,20.21,-0.29,-1.4349,249968.93,502404.58
000792.SZ,20230511,20.25,20.4,20.14,20.21,20.21,0.0,0.0,177501.79,359569.849
000792.SZ,20230510,20.04,20.46,19.92,20.21,20.04,0.17,0.8483,272517.92,551674.064
000792.SZ,20230509,20.47,20.59,20.02,20.04,20.27,-0.23,-1.1347,284950.32,576899.647
000792.SZ,20230508,20.25,20.38,20.05,20.27,20.15,0.12,0.5955,172567.47,348741.747
000792.SZ,20230505,20.3,20.3,20.02,20.15,20.26,-0.11,-0.5429,129714.5,261405.287
000792.SZ,20230504,20.46,20.59,20.14,20.26,20.42,-0.16,-0.7835,188474.75,382687.666
000792.SZ,20230428,20.5,20.7,20.2,20.42,20.51,-0.09,-0.4388,210097.97,428593.967
000792.SZ,20230427,20.59,20.73,20.42,20.51,20.67,-0.16,-0.7741,154802.09,317995.363
000792.SZ,20230426,20.05,21.2,19.88,20.67,20.12,0.55,2.7336,322849.76,666801.282
000792.SZ,20230425,21.09,21.09,20.02,20.12,21.19,-1.07,-5.0496,347009.73,705904.899
000792.SZ,20230424,21.09,21.58,20.75,21.19,21.0,0.19,0.9048,212283.1,449958.62
000792.SZ,20230421,21.59,21.71,20.98,21.0,21.62,-0.62,-2.8677,256362.96,545709.661
000792.SZ,20230420,21.96,22.0,21.52,21.62,21.99,-0.37,-1.6826,224588.76,486393.647
000792.SZ,20230419,22.3,22.33,21.91,21.99,22.26,-0.27,-1.2129,187576.68,413744.217
000792.SZ,20230418,22.35,22.67,22.2,22.26,22.3,-0.04,-0.1794,321074.67,720175.92
000792.SZ,20230417,22.26,22.34,22.04,22.3,22.18,0.12,0.541,224303.11,498231.076
000792.SZ,20230414,21.67,22.45,21.64,22.18,21.74,0.44,2.0239,340817.11,755425.082
000792.SZ,20230413,22.17,22.19,21.6,21.74,22.24,-0.5,-2.2482,338390.76,737322.267
000792.SZ,20230412,22.51,22.53,22.17,22.24,22.49,-0.25,-1.1116,200275.13,446290.494
000792.SZ,20230411,22.46,22.49,22.17,22.49,22.53,-0.04,-0.1775,223493.11,499882.56
000792.SZ,20230410,22.32,22.6,22.25,22.53,22.3,0.23,1.0314,277418.63,622306.668
000792.SZ,20230407,22.24,22.44,22.22,22.3,22.28,0.02,0.0898,171526.5,383163.83
000792.SZ,20230406,22.16,22.34,22.05,22.28,22.23,0.05,0.2249,217079.09,480919.971
000792.SZ,20230404,22.38,22.46,22.12,22.23,22.51,-0.28,-1.2439,259230.2,576095.066
000792.SZ,20230403,22.35,22.7,22.09,22.51,22.36,0.15,0.6708,318920.54,714500.388
000792.SZ,20230331,22.55,22.65,22.31,22.36,22.54,-0.18,-0.7986,212423.82,476587.592
000792.SZ,20230330,22.29,22.56,22.03,22.54,22.32,0.22,0.9857,202077.64,451012.236
000792.SZ,20230329,22.38,22.63,22.3,22.32,22.38,-0.06,-0.2681,169011.39,379408.809
000792.SZ,20230328,22.68,22.79,22.35,22.38,22.66,-0.28,-1.2357,177026.13,398681.79
000792.SZ,20230327,22.7,22.74,22.41,22.66,22.75,-0.09,-0.3956,180651.56,407514.78
000792.SZ,20230324,22.88,22.9,22.73,22.75,22.88,-0.13,-0.5682,164671.61,374896.381
000792.SZ,20230323,22.85,22.92,22.77,22.88,22.95,-0.07,-0.305,177741.65,405718.913
000792.SZ,20230322,23.15,23.33,22.81,22.95,23.1,-0.15,-0.6494,226049.79,520215.713
000792.SZ,20230321,22.84,23.13,22.8,23.1,22.83,0.27,1.1827,161281.74,370195.273
000792.SZ,20230320,23.06,23.13,22.8,22.83,23.02,-0.19,-0.8254,153637.22,352255.388
000792.SZ,20230317,22.9,23.27,22.8,23.02,22.73,0.29,1.2758,199135.32,458883.269
000792.SZ,20230316,23.03,23.15,22.72,22.73,23.19,-0.46,-1.9836,175501.26,402301.518
000792.SZ,20230315,23.2,23.4,23.18,23.19,23.16,0.03,0.1295,138535.8,322460.03
000792.SZ,20230314,23.2,23.44,22.88,23.16,23.29,-0.13,-0.5582,213013.83,493674.762
000792.SZ,20230313,23.52,23.65,22.99,23.29,23.39,-0.1,-0.4275,227232.47,527896.017
000792.SZ,20230310,23.68,23.68,23.3,23.39,23.85,-0.46,-1.9287,208727.68,489188.016
000792.SZ,20230309,23.88,24.04,23.81,23.85,23.91,-0.06,-0.2509,154512.17,370069.666
000792.SZ,20230308,23.67,24.03,23.53,23.91,23.8,0.11,0.4622,199545.71,475513.391
000792.SZ,20230307,24.36,24.4,23.79,23.8,24.42,-0.62,-2.5389,298078.84,717434.927
000792.SZ,20230306,24.54,24.6,24.22,24.42,24.47,-0.05,-0.2043,161511.05,393874.403
000792.SZ,20230303,24.56,24.72,24.26,24.47,24.62,-0.15,-0.6093,193123.69,472422.765
000792.SZ,20230302,24.93,24.93,24.58,24.62,24.91,-0.29,-1.1642,211025.99,521209.696
000792.SZ,20230301,24.71,24.92,24.66,24.91,24.8,0.11,0.4435,155557.22,386449.617
000792.SZ,20230228,24.89,24.92,24.5,24.8,24.91,-0.11,-0.4416,221897.05,547942.225
000792.SZ,20230227,24.73,25.13,24.73,24.91,24.71,0.2,0.8094,221015.79,551472.652
000792.SZ,20230224,24.92,25.01,24.56,24.71,24.93,-0.22,-0.8825,181613.85,449858.21
000792.SZ,20230223,24.74,24.95,24.71,24.93,24.82,0.11,0.4432,191705.54,476670.333
000792.SZ,20230222,24.91,24.99,24.78,24.82,25.14,-0.32,-1.2729,249499.9,620485.106
000792.SZ,20230221,25.08,25.74,24.87,25.14,25.22,-0.08,-0.3172,428208.4,1080505.979
000792.SZ,20230220,25.55,25.56,24.5,25.22,25.52,-0.3,-1.1755,445393.29,1109063.878
000792.SZ,20230217,25.31,26.24,25.23,25.52,25.3,0.22,0.8696,558048.33,1444631.235
000792.SZ,20230216,25.76,26.03,25.03,25.3,25.78,-0.48,-1.8619,434933.78,1116129.999
000792.SZ,20230215,25.89,26.02,25.73,25.78,26.1,-0.32,-1.2261,329440.06,851900.446
000792.SZ,20230214,25.52,26.17,25.34,26.1,25.39,0.71,2.7964,743209.89,1915989.684
000792.SZ,20230213,25.08,25.45,25.06,25.39,25.15,0.24,0.9543,225740.09,571771.151
000792.SZ,20230210,25.35,25.35,25.06,25.15,25.4,-0.25,-0.9843,248884.99,626937.358
000792.SZ,20230209,25.2,25.42,25.07,25.4,25.26,0.14,0.5542,250823.3,634224.92
000792.SZ,20230208,25.05,25.6,25.05,25.26,25.1,0.16,0.6375,375483.78,952371.82
000792.SZ,20230207,24.95,25.17,24.85,25.1,24.93,0.17,0.6819,194689.79,487557.59
000792.SZ,20230206,24.91,25.05,24.8,24.93,25.11,-0.18,-0.7168,199529.46,496834.322
000792.SZ,20230203,25.35,25.38,24.77,25.11,25.43,-0.32,-1.2584,376124.43,941491.882
000792.SZ,20230202,25.3,25.46,25.11,25.43,25.38,0.05,0.197,310581.83,784853.737
000792.SZ,20230201,25.0,25.44,25.0,25.38,25.03,0.35,1.3983,355212.47,898599.321
000792.SZ,20230131,24.83,25.17,24.68,25.03,24.87,0.16,0.6433,342399.35,855587.9
000792.SZ,20230130,25.4,25.58,24.78,24.87,25.02,-0.15,-0.5995,503566.58,1264513.563
000792.SZ,20230120,24.85,25.21,24.74,25.02,24.79,0.23,0.9278,379109.2,946911.678
000792.SZ,20230119,24.6,24.9,24.5,24.79,24.63,0.16,0.6496,249797.67,617051.9
000792.SZ,20230118,24.61,24.88,24.47,24.63,24.84,-0.21,-0.8454,317391.44,781474.864
000792.SZ,20230117,24.05,25.1,24.01,24.84,23.99,0.85,3.5431,660364.34,1627818.212
000792.SZ,20230116,23.5,24.38,23.38,23.99,23.45,0.54,2.3028,442883.84,1060371.015
000792.SZ,20230113,23.5,23.67,23.27,23.45,23.55,-0.1,-0.4246,269463.85,631183.044
000792.SZ,20230112,23.35,24.08,23.35,23.55,22.95,0.6,2.6144,582689.24,1377365.729
000792.SZ,20230111,23.22,23.25,22.95,22.95,23.09,-0.14,-0.6063,154576.99,356587.228
000792.SZ,20230110,23.25,23.3,22.92,23.09,23.3,-0.21,-0.9013,189186.14,436633.817
000792.SZ,20230109,23.4,23.51,23.21,23.3,23.35,-0.05,-0.2141,184870.4,431072.188
000792.SZ,20230106,23.2,23.62,23.14,23.35,23.26,0.09,0.3869,251843.75,589735.957
000792.SZ,20230105,23.08,23.46,22.97,23.26,22.97,0.29,1.2625,236890.19,550813.11
000792.SZ,20230104,23.05,23.15,22.81,22.97,23.1,-0.13,-0.5628,161171.75,369891.617
000792.SZ,20230103,22.69,23.17,22.48,23.1,22.69,0.41,1.807,216790.53,495732.223
000792.SZ,20221230,22.82,22.95,22.67,22.69,22.75,-0.06,-0.2637,172527.07,393032.921
000792.SZ,20221229,22.98,23.14,22.65,22.75,22.89,-0.14,-0.6116,170375.43,389162.586
000792.SZ,20221228,23.02,23.08,22.72,22.89,23.25,-0.36,-1.5484,160952.41,368475.837
000792.SZ,20221227,23.15,23.31,23.03,23.25,23.05,0.2,0.8677,163726.37,379104.167
000792.SZ,20221226,22.74,23.17,22.68,23.05,22.94,0.11,0.4795,163661.74,376923.728
000792.SZ,20221223,22.96,23.15,22.75,22.94,23.0,-0.06,-0.2609,148450.0,340649.334
000792.SZ,20221222,23.5,23.65,22.7,23.0,23.38,-0.38,-1.6253,251510.35,579988.46
000792.SZ,20221221,23.48,23.68,23.19,23.38,23.44,-0.06,-0.256,182477.68,426898.122
000792.SZ,20221220,24.02,24.1,23.4,23.44,24.17,-0.73,-3.0203,238355.63,562894.417
000792.SZ,20221219,24.01,24.72,24.01,24.17,24.31,-0.14,-0.5759,257023.04,626199.433
000792.SZ,20221216,24.42,24.54,23.8,24.31,24.59,-0.28,-1.1387,314480.79,757736.944
000792.SZ,20221215,24.48,24.65,23.97,24.59,24.54,0.05,0.2037,280104.12,680771.709
000792.SZ,20221214,24.38,24.61,24.32,24.54,24.47,0.07,0.2861,203167.61,496897.648
000792.SZ,20221213,24.62,24.77,24.35,24.47,24.62,-0.15,-0.6093,294661.81,723341.544
000792.SZ,20221212,25.28,25.3,24.59,24.62,25.46,-0.84,-3.2993,471700.25,1171822.997
000792.SZ,20221209,24.9,25.8,24.89,25.46,24.89,0.57,2.2901,670223.43,1701821.866
000792.SZ,20221208,25.11,25.3,24.65,24.89,25.27,-0.38,-1.5038,394074.0,984291.522
000792.SZ,20221207,25.0,25.47,24.98,25.27,25.18,0.09,0.3574,455218.22,1150355.105
000792.SZ,20221206,24.95,25.36,24.65,25.18,25.02,0.16,0.6395,387746.28,971814.492
000792.SZ,20221205,24.95,25.05,24.69,25.02,24.85,0.17,0.6841,304920.74,759071.039
000792.SZ,20221202,25.1,25.21,24.83,24.85,25.23,-0.38,-1.5061,327712.19,818596.75
000792.SZ,20221201,25.51,25.55,25.15,25.23,25.29,-0.06,-0.2372,431416.56,1090589.408
000792.SZ,20221130,24.6,25.56,24.51,25.29,24.75,0.54,2.1818,616945.64,1552043.834
000792.SZ,20221129,24.49,24.83,24.4,24.75,24.57,0.18,0.7326,311289.56,768378.614
000792.SZ,20221128,23.98,24.58,23.68,24.57,24.4,0.17,0.6967,391289.68,944969.592
000792.SZ,20221125,25.05,25.06,24.36,24.4,25.18,-0.78,-3.0977,476711.88,1174582.655
000792.SZ,20221124,24.92,25.18,24.69,25.18,24.91,0.27,1.0839,447309.49,1117008.268
000792.SZ,20221123,24.75,24.95,24.5,24.91,24.89,0.02,0.0804,327548.2,810579.724
000792.SZ,20221122,24.75,25.09,24.56,24.89,24.82,0.07,0.282,435167.56,1080141.402
000792.SZ,20221121,24.4,24.93,24.15,24.82,24.48,0.34,1.3889,409187.08,1012553.703
000792.SZ,20221118,25.0,25.0,24.38,24.48,25.17,-0.69,-2.7414,484762.3,1194314.188
000792.SZ,20221117,24.81,25.18,24.69,25.17,24.88,0.29,1.1656,431227.41,1074293.638
000792.SZ,20221116,25.36,25.44,24.84,24.88,25.4,-0.52,-2.0472,455213.28,1140091.152
000792.SZ,20221115,24.83,25.49,24.6,25.4,25.02,0.38,1.5188,623107.1,1565996.719
000792.SZ,20221114,25.56,25.7,24.82,25.02,25.52,-0.5,-1.9592,589265.83,1486463.214
000792.SZ,20221111,26.2,26.3,25.43,25.52,25.32,0.2,0.7899,694461.61,1789170.882
000792.SZ,20221110,26.01,26.01,25.16,25.32,26.25,-0.93,-3.5429,902509.81,2299319.654
000792.SZ,20221109,26.8,26.92,26.15,26.25,26.52,-0.27,-1.0181,762968.68,2016569.426
000792.SZ,20221108,26.25,26.73,26.07,26.52,26.32,0.2,0.7599,1017208.96,2682885.977
000792.SZ,20221107,26.61,27.27,26.1,26.32,25.83,0.49,1.897,2054639.86,5488026.28
000792.SZ,20221104,23.95,25.83,23.71,25.83,23.48,2.35,10.0085,1685793.9,4256854.846
000792.SZ,20221103,22.81,24.36,22.81,23.48,22.77,0.71,3.1181,972063.21,2311444.698
000792.SZ,20221102,22.61,22.89,22.53,22.77,22.77,0.0,0.0,462776.96,1050898.276
000792.SZ,20221101,21.73,22.79,21.63,22.77,21.51,1.26,5.8577,695177.6,1554283.958
000792.SZ,20221031,21.38,21.98,21.35,21.51,21.85,-0.34,-1.5561,462122.54,997724.253
000792.SZ,20221028,22.5,22.59,21.65,21.85,23.21,-1.36,-5.8595,670044.6,1484169.701
000792.SZ,20221027,23.08,23.35,23.04,23.21,23.1,0.11,0.4762,359689.28,833826.375
000792.SZ,20221026,22.7,23.23,22.7,23.1,22.8,0.3,1.3158,387707.95,892805.826
000792.SZ,20221025,22.56,22.93,21.9,22.8,22.54,0.26,1.1535,403917.32,907565.368
000792.SZ,20221024,23.0,23.43,22.33,22.54,22.99,-0.45,-1.9574,516217.69,1180054.777
000792.SZ,20221021,23.34,23.38,22.93,22.99,23.3,-0.31,-1.3305,354111.84,818580.537
000792.SZ,20221020,23.43,23.65,23.1,23.3,23.59,-0.29,-1.2293,421337.25,981613.469
000792.SZ,20221019,23.93,24.15,23.57,23.59,23.92,-0.33,-1.3796,430882.72,1027590.887
000792.SZ,20221018,24.37,24.41,23.86,23.92,24.05,-0.13,-0.5405,470530.65,1129332.155
000792.SZ,20221017,23.99,24.15,23.82,24.05,24.2,-0.15,-0.6198,515817.4,1236946.649
000792.SZ,20221014,23.36,24.39,23.35,24.2,23.17,1.03,4.4454,864538.9,2074054.718
000792.SZ,20221013,23.56,23.67,22.93,23.17,23.71,-0.54,-2.2775,618654.91,1438177.409
000792.SZ,20221012,23.28,23.74,22.88,23.71,23.27,0.44,1.8908,457765.48,1066207.439
000792.SZ,20221011,22.9,23.38,22.81,23.27,22.8,0.47,2.0614,484442.97,1120608.603
000792.SZ,20221010,23.86,23.91,22.65,22.8,23.88,-1.08,-4.5226,506838.09,1176580.391
000792.SZ,20220930,24.21,24.56,23.77,23.88,23.87,0.01,0.0419,548710.99,1321440.967
000792.SZ,20220929,23.93,24.27,23.68,23.87,23.54,0.33,1.4019,530048.59,1269928.657
000792.SZ,20220928,24.41,24.8,23.54,23.54,24.49,-0.95,-3.8791,563916.58,1359594.516
000792.SZ,20220927,24.09,24.56,23.7,24.49,24.1,0.39,1.6183,569971.52,1372067.513
000792.SZ,20220926,24.88,24.95,23.97,24.1,25.0,-0.9,-3.6,636733.49,1556027.496
000792.SZ,20220923,26.01,26.11,24.94,25.0,26.05,-1.05,-4.0307,544301.48,1382348.483
000792.SZ,20220922,26.07,26.36,25.95,26.05,26.21,-0.16,-0.6105,282064.09,735791.259
000792.SZ,20220921,26.18,26.31,26.0,26.21,26.31,-0.1,-0.3801,286241.3,748618.697
000792.SZ,20220920,26.26,26.77,26.24,26.31,26.2,0.11,0.4198,454934.38,1204836.264
000792.SZ,20220919,26.3,26.58,26.1,26.2,26.56,-0.36,-1.3554,257203.64,676469.007
000792.SZ,20220916,26.3,26.56,25.71,26.56,26.53,0.03,0.1131,649851.75,1697846.951
000792.SZ,20220915,27.15,27.45,26.23,26.53,27.02,-0.49,-1.8135,505387.61,1350044.825
000792.SZ,20220914,26.9,27.28,26.8,27.02,27.25,-0.23,-0.844,378216.41,1021615.401
000792.SZ,20220913,27.36,27.6,27.2,27.25,27.2,0.05,0.1838,377540.54,1034065.594
000792.SZ,20220909,26.95,27.28,26.89,27.2,26.84,0.36,1.3413,365351.71,992145.765
000792.SZ,20220908,27.22,27.25,26.83,26.84,27.07,-0.23,-0.8496,308738.88,833690.49
000792.SZ,20220907,26.86,27.3,26.71,27.07,27.12,-0.05,-0.1844,312678.01,845513.622
000792.SZ,20220906,26.68,27.24,26.58,27.12,26.48,0.64,2.4169,509472.68,1375176.04
000792.SZ,20220905,26.71,26.78,26.15,26.48,26.85,-0.37,-1.378,430081.98,1135537.259
000792.SZ,20220902,27.09,27.24,26.7,26.85,27.05,-0.2,-0.7394,336136.13,905045.893
000792.SZ,20220901,27.21,27.59,26.93,27.05,27.8,-0.75,-2.6978,470200.51,1282171.859
000792.SZ,20220831,27.78,27.86,26.76,27.8,27.72,0.08,0.2886,1015418.73,2778110.709
000792.SZ,20220830,27.98,28.08,27.72,27.72,27.96,-0.24,-0.8584,387974.91,1080597.87
000792.SZ,20220829,28.15,28.35,27.85,27.96,28.5,-0.54,-1.8947,618255.81,1731560.645
000792.SZ,20220826,28.0,29.04,27.96,28.5,27.85,0.65,2.3339,911248.52,2618966.477
000792.SZ,20220825,28.55,28.65,27.19,27.85,28.28,-0.43,-1.5205,781606.7,2176031.91
000792.SZ,20220824,28.85,29.28,28.15,28.28,28.8,-0.52,-1.8056,650654.97,1867981.051
000792.SZ,20220823,28.78,28.95,28.47,28.8,28.9,-0.1,-0.346,484247.33,1387689.675
000792.SZ,20220822,28.02,29.06,27.78,28.9,28.15,0.75,2.6643,752834.33,2154638.029
000792.SZ,20220819,28.3,28.52,28.12,28.15,28.39,-0.24,-0.8454,349997.99,990525.32
000792.SZ,20220818,28.73,28.73,28.21,28.39,28.73,-0.34,-1.1834,429150.28,1218387.724
000792.SZ,20220817,28.48,28.76,27.99,28.73,28.52,0.21,0.7363,640725.23,1819650.073
000792.SZ,20220816,29.13,29.17,28.47,28.52,29.07,-0.55,-1.892,634621.77,1819231.597
000792.SZ,20220815,28.96,29.46,28.88,29.07,28.96,0.11,0.3798,613422.96,1788344.091
000792.SZ,20220812,28.86,29.23,28.77,28.96,28.88,0.08,0.277,468589.6,1359649.889
000792.SZ,20220811,28.8,29.08,28.3,28.88,28.75,0.13,0.4522,621894.8,1786392.868
000792.SZ,20220810,28.66,28.99,28.57,28.75,28.57,0.18,0.63,478942.49,1378498.123
000792.SZ,20220809,28.55,28.84,28.4,28.57,28.59,-0.02,-0.07,392667.32,1123901.125
000792.SZ,20220808,28.45,28.79,28.33,28.59,28.59,0.0,0.0,394930.37,1127854.954
000792.SZ,20220805,28.18,28.67,27.83,28.59,28.09,0.5,1.78,479397.72,1356616.262
000792.SZ,20220804,27.8,28.24,27.62,28.09,27.52,0.57,2.0712,396235.71,1109168.557
000792.SZ,20220803,27.75,28.37,27.45,27.52,27.8,-0.28,-1.0072,532568.69,1487847.068
000792.SZ,20220802,28.71,28.73,27.71,27.8,29.14,-1.34,-4.5985,851763.97,2390940.955
000792.SZ,20220801,28.88,29.24,28.25,29.14,29.04,0.1,0.3444,571708.03,1646943.409
000792.SZ,20220729,29.13,29.23,28.9,29.04,29.13,-0.09,-0.309,458848.06,1333682.827
000792.SZ,20220728,29.54,29.62,29.0,29.13,29.3,-0.17,-0.5802,595251.59,1738556.204
000792.SZ,20220727,29.45,29.53,29.1,29.3,29.67,-0.37,-1.2471,493602.71,1445557.206
000792.SZ,20220726,29.29,29.95,29.25,29.67,29.21,0.46,1.5748,727841.88,2157397.805
000792.SZ,20220725,29.14,29.48,28.92,29.21,29.36,-0.15,-0.5109,484063.39,1414275.68
000792.SZ,20220722,29.0,29.51,28.7,29.36,29.0,0.36,1.2414,870176.34,2530761.678
000792.SZ,20220721,30.1,30.1,29.0,29.0,30.15,-1.15,-3.8143,1429932.22,4202592.873
000792.SZ,20220720,30.4,30.84,30.11,30.15,30.27,-0.12,-0.3964,816016.19,2477723.86
000792.SZ,20220719,30.27,30.77,30.02,30.27,30.29,-0.02,-0.066,862933.16,2621975.603
000792.SZ,20220718,30.29,30.49,29.64,30.29,30.13,0.16,0.531,1065513.84,3205936.273
000792.SZ,20220715,30.2,31.25,30.09,30.13,30.44,-0.31,-1.0184,1189386.26,3651962.598
000792.SZ,20220714,31.5,31.5,30.3,30.44,31.62,-1.18,-3.7318,1896422.52,5828019.583
000792.SZ,20220713,30.98,31.96,30.72,31.62,31.0,0.62,2.0,1074092.08,3365661.102
000792.SZ,20220712,31.5,31.96,30.82,31.0,31.72,-0.72,-2.2699,1055984.39,3307137.875
000792.SZ,20220711,33.15,33.55,30.93,31.72,33.28,-1.56,-4.6875,1732996.79,5506858.853
000792.SZ,20220708,34.1,34.73,33.12,33.28,33.82,-0.54,-1.5967,1762059.46,5972944.052
000792.SZ,20220707,32.23,35.13,32.02,33.82,32.4,1.42,4.3827,3057156.58,10329917.35
000792.SZ,20220706,32.0,33.2,31.18,32.4,32.2,0.2,0.6211,2009378.98,6462772.314
000792.SZ,20220705,31.89,32.38,31.5,32.2,31.67,0.53,1.6735,1632722.61,5220395.152
000792.SZ,20220704,30.54,32.2,30.48,31.67,30.8,0.87,2.8247,1883616.81,5948617.503
000792.SZ,20220701,29.72,31.3,29.59,30.8,29.96,0.84,2.8037,1365056.86,4182334.252
000792.SZ,20220630,30.0,30.47,29.88,29.96,29.9,0.06,0.2007,934384.79,2815260.108
000792.SZ,20220629,31.12,31.27,29.9,29.9,31.48,-1.58,-5.0191,1414103.58,4323009.208
000792.SZ,20220628,30.35,32.01,29.89,31.48,29.98,1.5,5.0033,2092346.7,6524372.081
000792.SZ,20220627,29.24,30.73,29.1,29.98,29.36,0.62,2.1117,1354875.48,4073718.669
000792.SZ,20220624,29.47,29.6,28.8,29.36,29.33,0.03,0.1023,660717.97,1930956.238
000792.SZ,20220623,28.98,29.33,28.5,29.33,28.9,0.43,1.4879,753731.51,2181393.322
000792.SZ,20220622,29.46,29.7,28.88,28.9,29.4,-0.5,-1.7007,724526.7,2122757.909
000792.SZ,20220621,29.8,29.89,29.2,29.4,29.92,-0.52,-1.738,671163.42,1979078.661
000792.SZ,20220620,30.68,30.78,29.79,29.92,30.31,-0.39,-1.2867,866035.39,2606062.56
000792.SZ,20220617,29.45,30.5,29.3,30.31,29.69,0.62,2.0882,1161748.57,3487807.139
000792.SZ,20220616,30.7,30.9,29.51,29.69,30.71,-1.02,-3.3214,1280386.32,3850877.427
000792.SZ,20220615,30.95,31.56,30.51,30.71,30.9,-0.19,-0.6149,1047036.56,3245757.325
000792.SZ,20220614,31.11,31.25,30.02,30.9,31.56,-0.66,-2.0913,1189900.07,3635941.501
000792.SZ,20220613,31.45,32.2,31.22,31.56,32.07,-0.51,-1.5903,1437728.64,4547269.764
000792.SZ,20220610,31.51,32.33,31.1,32.07,32.05,0.02,0.0624,1459856.05,4662750.248
000792.SZ,20220609,32.25,32.32,31.66,32.05,32.49,-0.44,-1.3543,954820.99,3055241.995
000792.SZ,20220608,31.25,32.97,31.25,32.49,31.18,1.31,4.2014,1743179.63,5638515.533
000792.SZ,20220607,31.99,32.15,30.99,31.18,31.99,-0.81,-2.532,865688.45,2723400.394
000792.SZ,20220606,30.5,32.29,30.48,31.99,30.42,1.57,5.1611,1457958.38,4629091.586
000792.SZ,20220602,30.88,31.0,30.39,30.42,30.88,-0.46,-1.4896,633227.28,1937871.313
000792.SZ,20220601,31.21,31.26,30.32,30.88,31.53,-0.65,-2.0615,798419.0,2463059.722
000792.SZ,20220531,31.38,31.65,30.9,31.53,31.53,0.0,0.0,600520.64,1882109.065
000792.SZ,20220530,30.9,32.16,30.71,31.53,30.9,0.63,2.0388,1008555.69,3190913.555
000792.SZ,20220527,32.2,32.5,30.8,30.9,31.76,-0.86,-2.7078,1265107.57,3993366.608
000792.SZ,20220526,30.29,32.35,29.89,31.76,30.25,1.51,4.9917,1367985.56,4298923.775
000792.SZ,20220525,30.5,30.74,29.81,30.25,30.51,-0.26,-0.8522,596160.68,1799874.535
000792.SZ,20220524,31.6,31.98,30.34,30.51,31.96,-1.45,-4.5369,992028.07,3100606.906
000792.SZ,20220523,30.47,32.4,30.21,31.96,30.15,1.81,6.0033,1275166.51,3993905.373
000792.SZ,20220520,29.55,30.55,29.08,30.15,29.38,0.77,2.6208,923899.01,2761179.206
000792.SZ,20220519,28.46,29.41,28.15,29.38,28.9,0.48,1.6609,690097.32,1987650.624
000792.SZ,20220518,29.25,29.53,28.86,28.9,29.4,-0.5,-1.7007,567733.18,1654177.483
000792.SZ,20220517,27.97,29.5,27.88,29.4,28.1,1.3,4.6263,1045688.56,3033630.465
000792.SZ,20220516,28.19,28.78,27.93,28.1,27.89,0.21,0.753,474450.36,1342309.102
000792.SZ,20220513,28.21,28.49,27.8,27.89,28.06,-0.17,-0.6058,422770.77,1187589.881
000792.SZ,20220512,28.41,29.0,27.74,28.06,28.7,-0.64,-2.23,608940.41,1721806.498
000792.SZ,20220511,28.35,29.64,28.23,28.7,28.4,0.3,1.0563,738245.28,2138290.57
000792.SZ,20220510,27.66,28.49,27.6,28.4,28.08,0.32,1.1396,413180.86,1160696.265
000792.SZ,20220509,28.0,28.62,27.97,28.08,28.15,-0.07,-0.2487,328793.82,927303.15
000792.SZ,20220506,28.21,28.88,27.98,28.15,29.08,-0.93,-3.1981,478029.38,1357031.438
000792.SZ,20220505,28.94,29.64,28.72,29.08,28.93,0.15,0.5185,613091.55,1786174.144
000792.SZ,20220429,28.43,29.26,27.9,28.93,28.19,0.74,2.625,748274.35,2144346.758
000792.SZ,20220428,27.83,29.25,27.56,28.19,27.93,0.26,0.9309,1033772.42,2937978.143
000792.SZ,20220427,25.92,28.09,25.21,27.93,25.92,2.01,7.7546,1011142.23,2710864.025
000792.SZ,20220426,26.86,27.27,25.48,25.92,26.64,-0.72,-2.7027,738528.88,1963374.431
000792.SZ,20220425,27.99,28.3,26.44,26.64,28.63,-1.99,-6.9508,656416.98,1798663.201
000792.SZ,20220422,28.0,29.07,27.59,28.63,28.26,0.37,1.3093,555035.0,1579760.974
000792.SZ,20220421,29.9,30.18,28.08,28.26,30.1,-1.84,-6.113,939112.15,2699739.26
000792.SZ,20220420,30.49,31.12,29.8,30.1,30.78,-0.68,-2.2092,758122.83,2308161.734
000792.SZ,20220419,28.33,31.0,28.25,30.78,28.2,2.58,9.1489,1322134.56,3945862.407
000792.SZ,20220418,28.2,28.55,27.57,28.2,28.58,-0.38,-1.3296,571640.32,1605038.863
000792.SZ,20220415,30.45,30.45,28.47,28.58,30.6,-2.02,-6.6013,1114663.76,3254905.804
000792.SZ,20220414,30.63,30.97,30.15,30.6,30.55,0.05,0.1637,639692.9,1955185.532
000792.SZ,20220413,30.13,31.48,29.96,30.55,30.47,0.08,0.2626,736729.39,2272006.888
000792.SZ,20220412,31.18,31.49,29.59,30.47,30.55,-0.08,-0.2619,1001815.62,3050337.251
000792.SZ,20220411,31.51,31.56,30.1,30.55,31.86,-1.31,-4.1117,925012.85,2845670.12
000792.SZ,20220408,31.07,32.6,30.6,31.86,31.1,0.76,2.4437,1229503.95,3895028.689
000792.SZ,20220407,29.28,31.67,29.05,31.1,29.3,1.8,6.1433,1360441.32,4187939.708
000792.SZ,20220406,30.02,30.02,29.04,29.3,30.02,-0.72,-2.3984,570426.9,1679667.083
000792.SZ,20220401,29.6,30.75,29.51,30.02,30.07,-0.05,-0.1663,499195.01,1508621.218
000792.SZ,20220331,31.59,31.78,29.7,30.07,31.82,-1.75,-5.4997,886565.22,2700310.708
000792.SZ,20220330,31.5,32.17,31.28,31.82,32.05,-0.23,-0.7176,743833.28,2357452.254
000792.SZ,20220329,31.22,32.26,31.0,32.05,31.21,0.84,2.6914,873522.11,2775660.584
000792.SZ,20220328,31.28,31.68,30.19,31.21,31.63,-0.42,-1.3279,743099.84,2302710.335
000792.SZ,20220325,31.3,32.47,30.72,31.63,31.33,0.3,0.9575,1086652.84,3412719.822
000792.SZ,20220324,29.77,31.51,29.67,31.33,30.0,1.33,4.4333,1070953.82,3293769.655
000792.SZ,20220323,30.13,30.6,29.65,30.0,30.1,-0.1,-0.3322,591178.12,1782050.896
000792.SZ,20220322,29.83,30.77,29.56,30.1,29.95,0.15,0.5008,780177.47,2357911.747
000792.SZ,20220321,28.8,30.2,28.44,29.95,28.87,1.08,3.7409,924217.35,2730420.349
000792.SZ,20220318,28.81,29.09,28.29,28.87,29.07,-0.2,-0.688,637909.75,1833430.603
000792.SZ,20220317,29.64,30.17,28.9,29.07,29.34,-0.27,-0.9202,1166929.0,3439217.732
000792.SZ,20220316,29.32,29.56,27.7,29.34,28.7,0.64,2.23,1182554.23,3412411.15
000792.SZ,20220315,29.51,30.33,28.7,28.7,29.89,-1.19,-3.9813,769764.92,2281743.57
000792.SZ,20220314,30.03,30.8,29.52,29.89,30.0,-0.11,-0.3667,740326.28,2231131.34
000792.SZ,20220311,29.77,30.27,28.96,30.0,30.3,-0.3,-0.9901,704076.51,2092839.226
000792.SZ,20220310,30.9,31.01,29.71,30.3,30.03,0.27,0.8991,919260.46,2785788.251
000792.SZ,20220309,30.5,30.66,27.97,30.03,30.2,-0.17,-0.5629,1053452.6,3101045.385
000792.SZ,20220308,33.14,33.3,30.0,30.2,33.14,-2.94,-8.8715,1395929.08,4341091.151
000792.SZ,20220307,33.18,34.31,32.86,33.14,32.86,0.28,0.8521,984083.3,3306542.35
000792.SZ,20220304,34.21,35.09,32.68,32.86,34.49,-1.63,-4.726,1069917.71,3607344.033
000792.SZ,20220303,33.25,35.8,33.15,34.49,33.1,1.39,4.1994,1550677.42,5378955.294
000792.SZ,20220302,33.05,33.4,32.7,33.1,33.05,0.05,0.1513,613672.57,2032791.446
000792.SZ,20220301,34.45,34.7,32.55,33.05,34.74,-1.69,-4.8647,1364528.85,4565579.706
000792.SZ,20220228,34.89,35.18,33.93,34.74,34.46,0.28,0.8125,925744.19,3214129.986
000792.SZ,20220225,34.85,35.35,34.18,34.46,34.28,0.18,0.5251,1112318.98,3865650.219
000792.SZ,20220224,34.3,34.69,32.8,34.28,34.79,-0.51,-1.4659,1321484.3,4499356.863
000792.SZ,20220223,34.04,35.11,33.57,34.79,34.23,0.56,1.636,1284768.11,4416103.012
000792.SZ,20220222,33.75,34.5,33.0,34.23,32.96,1.27,3.8532,1516383.06,5127545.936
000792.SZ,20220221,33.0,33.93,32.21,32.96,32.79,0.17,0.5185,1187046.37,3915572.209
000792.SZ,20220218,32.5,33.08,32.32,32.79,33.0,-0.21,-0.6364,742865.26,2429161.945
000792.SZ,20220217,31.08,33.81,30.94,33.0,31.09,1.91,6.1435,1693175.72,5532983.57
000792.SZ,20220216,31.6,32.51,31.0,31.09,30.5,0.59,1.9344,1214273.13,3857206.515
000792.SZ,20220215,30.28,30.5,29.19,30.5,30.2,0.3,0.9934,649248.99,1946992.12
000792.SZ,20220214,29.7,31.0,29.65,30.2,29.99,0.21,0.7002,614465.15,1864976.95
000792.SZ,20220211,29.2,30.93,28.87,29.99,29.47,0.52,1.7645,828825.8,2507036.082
000792.SZ,20220210,30.0,30.47,29.1,29.47,30.25,-0.78,-2.5785,588491.84,1750721.029
000792.SZ,20220209,29.68,30.87,28.99,30.25,29.77,0.48,1.6124,695439.52,2088499.296
000792.SZ,20220208,30.31,30.38,28.5,29.77,30.28,-0.51,-1.6843,685127.92,2008403.352
000792.SZ,20220207,31.05,31.3,29.74,30.28,30.01,0.27,0.8997,691532.09,2107934.797
000792.SZ,20220128,29.93,31.0,29.24,30.01,29.57,0.44,1.488,786111.47,2372012.277
000792.SZ,20220127,30.0,30.85,29.45,29.57,29.95,-0.38,-1.2688,659182.95,1986808.779
000792.SZ,20220126,29.93,30.08,29.14,29.95,29.47,0.48,1.6288,521874.0,1550253.441
000792.SZ,20220125,29.71,30.25,29.45,29.47,29.85,-0.38,-1.273,857550.1,2556998.882
000792.SZ,20220124,27.26,30.01,27.03,29.85,27.28,2.57,9.4208,1340328.65,3932143.34
000792.SZ,20220121,26.95,27.51,26.41,27.28,26.95,0.33,1.2245,651334.46,1766242.29
000792.SZ,20220120,28.0,28.23,26.24,26.95,29.16,-2.21,-7.5789,1795351.84,4852104.849
000792.SZ,20220119,30.75,30.93,28.64,29.16,30.96,-1.8,-5.814,849340.19,2501786.83
000792.SZ,20220118,31.0,31.23,30.44,30.96,30.97,-0.01,-0.0323,381784.79,1178554.893
000792.SZ,20220117,30.2,30.98,29.58,30.97,30.25,0.72,2.3802,525252.85,1594794.466
000792.SZ,20220114,29.85,30.54,29.54,30.25,30.0,0.25,0.8333,473734.96,1431129.251
000792.SZ,20220113,31.7,31.7,29.91,30.0,31.76,-1.76,-5.5416,760180.06,2313784.69
000792.SZ,20220112,32.4,32.5,31.16,31.76,31.65,0.11,0.3476,531831.34,1681583.909
000792.SZ,20220111,31.81,32.57,31.16,31.65,32.14,-0.49,-1.5246,538007.12,1705076.812
000792.SZ,20220110,32.1,32.98,31.66,32.14,31.95,0.19,0.5947,532194.31,1720974.847
000792.SZ,20220107,34.1,34.3,31.93,31.95,34.4,-2.45,-7.1221,978618.89,3210851.711
000792.SZ,20220106,33.08,35.2,32.78,34.4,33.33,1.07,3.2103,929766.68,3169296.309
000792.SZ,20220105,33.2,33.8,32.75,33.33,33.8,-0.47,-1.3905,691713.4,2294293.045
000792.SZ,20220104,35.71,35.9,33.2,33.8,35.39,-1.59,-4.4928,1122196.36,3849463.171
000792.SZ,20211231,33.64,35.66,33.61,35.39,33.33,2.06,6.1806,1253297.87,4351092.509
000792.SZ,20211230,33.55,34.38,33.0,33.33,33.78,-0.45,-1.3321,807928.35,2713628.401
000792.SZ,20211229,33.0,35.01,32.79,33.78,33.56,0.22,0.6555,1487108.8,5065600.807
000792.SZ,20211228,31.33,34.0,31.22,33.56,30.96,2.6,8.3979,1537631.72,5060761.033
000792.SZ,20211227,30.5,32.33,30.5,30.96,30.6,0.36,1.1765,702699.22,2211606.434
000792.SZ,20211224,31.65,31.98,30.6,30.6,31.62,-1.02,-3.2258,650173.12,2027525.276
000792.SZ,20211223,31.2,32.11,30.68,31.62,31.1,0.52,1.672,750720.07,2368417.542
000792.SZ,20211222,32.01,32.54,31.06,31.1,31.86,-0.76,-2.3854,791370.77,2513816.422
000792.SZ,20211221,33.02,33.14,31.58,31.86,33.58,-1.72,-5.1221,935586.71,3017271.483
000792.SZ,20211220,31.85,33.88,31.77,33.58,32.15,1.43,4.4479,1256277.74,4162526.01
000792.SZ,20211217,31.79,32.75,31.0,32.15,31.9,0.25,0.7837,825671.53,2637904.158
000792.SZ,20211216,32.35,32.65,31.5,31.9,32.27,-0.37,-1.1466,664034.62,2124862.839
000792.SZ,20211215,33.15,33.31,32.2,32.27,33.55,-1.28,-3.8152,966806.27,3172660.444
000792.SZ,20211214,32.5,34.37,31.9,33.55,32.5,1.05,3.2308,1558168.92,5172131.507
000792.SZ,20211213,32.48,32.84,31.4,32.5,32.62,-0.12,-0.3679,1579997.25,5090361.575
000792.SZ,20211210,29.55,32.62,29.5,32.62,29.65,2.97,10.0169,2314251.26,7419375.79
000792.SZ,20211209,29.1,29.97,28.78,29.65,29.11,0.54,1.855,1049181.51,3089695.442
000792.SZ,20211208,27.2,29.82,27.13,29.11,27.2,1.91,7.0221,1136640.69,3293018.068
000792.SZ,20211207,28.8,28.8,26.58,27.2,28.64,-1.44,-5.0279,823853.51,2257143.542
000792.SZ,20211206,28.15,29.28,28.11,28.64,28.52,0.12,0.4208,718466.33,2060313.796
000792.SZ,20211203,27.61,28.88,27.42,28.52,27.76,0.76,2.7378,564134.57,1592934.255
000792.SZ,20211202,27.95,28.22,27.47,27.76,28.07,-0.31,-1.1044,366228.5,1017569.609
000792.SZ,20211201,28.45,28.8,27.61,28.07,28.59,-0.52,-1.8188,532698.8,1495046.787
000792.SZ,20211130,29.33,29.5,28.4,28.59,29.25,-0.66,-2.2564,523041.56,1508725.402
000792.SZ,20211129,28.0,29.58,27.98,29.25,28.9,0.35,1.2111,746926.0,2165465.02
000792.SZ,20211126,28.78,29.69,28.63,28.9,28.7,0.2,0.6969,779712.16,2277706.876
000792.SZ,20211125,28.77,29.3,28.55,28.7,28.57,0.13,0.455,495389.76,1428633.112
000792.SZ,20211124,29.29,29.37,28.5,28.57,29.21,-0.64,-2.191,675850.62,1952551.532
000792.SZ,20211123,28.8,29.5,28.3,29.21,29.0,0.21,0.7241,947737.91,2743760.651
000792.SZ,20211122,28.0,29.79,27.85,29.0,28.09,0.91,3.2396,1233545.32,3591747.277
000792.SZ,20211119,27.2,28.51,27.01,28.09,27.7,0.39,1.4079,1222770.33,3411162.17
000792.SZ,20211118,25.74,28.31,25.22,27.7,25.74,1.96,7.6146,1787962.28,4821176.15
000792.SZ,20211117,24.88,26.15,24.85,25.74,24.7,1.04,4.2105,1025806.38,2630209.9
000792.SZ,20211116,25.29,25.58,24.58,24.7,24.94,-0.24,-0.9623,506253.27,1266264.087
000792.SZ,20211115,25.18,25.29,24.44,24.94,25.39,-0.45,-1.7724,702777.65,1750299.972
000792.SZ,20211112,25.5,25.94,25.1,25.39,25.5,-0.11,-0.4314,620966.66,1583862.002
000792.SZ,20211111,25.81,26.08,25.28,25.5,25.9,-0.4,-1.5444,621766.0,1587870.84
000792.SZ,20211110,27.0,27.0,25.3,25.9,27.28,-1.38,-5.0587,1133248.13,2941582.563
000792.SZ,20211109,28.0,28.0,27.01,27.28,28.13,-0.85,-3.0217,722456.69,1978247.888
000792.SZ,20211108,26.46,28.57,26.02,28.13,26.8,1.33,4.9627,1053238.59,2917827.48
000792.SZ,20211105,27.7,28.35,26.68,26.8,27.8,-1.0,-3.5971,716312.19,1973400.431
000792.SZ,20211104,28.0,28.27,27.71,27.8,28.11,-0.31,-1.1028,524888.56,1465206.885
000792.SZ,20211103,28.19,28.29,27.65,28.11,28.08,0.03,0.1068,392667.5,1100380.508
000792.SZ,20211102,28.08,28.84,27.62,28.08,28.09,-0.01,-0.0356,570636.48,1611386.889
000792.SZ,20211101,28.68,28.9,27.88,28.09,28.95,-0.86,-2.9706,705685.42,1991887.47
000792.SZ,20211029,28.31,29.11,27.91,28.95,28.32,0.63,2.2246,659342.17,1883035.426
000792.SZ,20211028,31.3,31.8,28.31,28.32,31.45,-3.13,-9.9523,1413858.29,4177878.605
000792.SZ,20211027,31.5,32.09,31.08,31.45,31.76,-0.31,-0.9761,554010.89,1751905.641
000792.SZ,20211026,32.3,33.5,31.6,31.76,32.05,-0.29,-0.9048,1008836.99,3277377.974
000792.SZ,20211025,30.0,32.15,29.66,32.05,30.21,1.84,6.0907,986036.43,3085054.781
000792.SZ,20211022,30.56,31.35,30.21,30.21,30.69,-0.48,-1.564,487171.38,1494090.924
000792.SZ,20211021,30.98,31.2,30.19,30.69,31.35,-0.66,-2.1053,673019.79,2066151.132
000792.SZ,20211020,30.85,32.2,30.54,31.35,31.1,0.25,0.8039,994311.89,3141107.847
000792.SZ,20211019,31.15,31.65,30.89,31.1,31.43,-0.33,-1.05,537000.77,1678342.211
000792.SZ,20211018,30.7,31.69,30.3,31.43,30.94,0.49,1.5837,886221.9,2751028.422
000792.SZ,20211015,29.32,32.31,28.9,30.94,29.37,1.57,5.3456,1348189.78,4127759.699
000792.SZ,20211014,28.5,29.37,27.61,29.37,29.07,0.3,1.032,882130.16,2511768.047
000792.SZ,20211013,27.82,29.44,27.51,29.07,28.67,0.4,1.3952,1018530.89,2921589.742
000792.SZ,20211012,28.51,29.34,28.08,28.67,29.02,-0.35,-1.2061,539770.36,1545807.942
000792.SZ,20211011,29.16,29.9,28.58,29.02,29.12,-0.1,-0.3434,501715.86,1465904.659
000792.SZ,20211008,30.0,30.3,28.82,29.12,29.93,-0.81,-2.7063,612889.36,1798668.89
000792.SZ,20210930,28.69,30.05,28.51,29.93,28.29,1.64,5.7971,1040885.2,3060464.994
000792.SZ,20210929,29.13,29.77,27.85,28.29,29.41,-1.12,-3.8082,1028140.9,2954594.171
000792.SZ,20210928,30.62,31.08,29.09,29.41,31.48,-2.07,-6.5756,1302303.98,3900471.145
000792.SZ,20210927,31.2,32.4,29.58,31.48,31.29,0.19,0.6072,1439118.24,4428970.574
000792.SZ,20210924,32.99,33.1,31.29,31.29,33.29,-2.0,-6.0078,1229257.14,3946105.972
000792.SZ,20210923,33.9,33.99,33.0,33.29,33.3,-0.01,-0.03,676461.7,2267261.55
000792.SZ,20210922,32.75,33.94,32.61,33.3,33.47,-0.17,-0.5079,698927.15,2321694.854
000792.SZ,20210917,34.45,34.88,31.93,33.47,34.63,-1.16,-3.3497,1340969.08,4503462.829
000792.SZ,20210916,38.0,38.0,34.63,34.63,38.48,-3.85,-10.0052,2288468.02,8229492.02
000792.SZ,20210915,38.2,39.18,36.81,38.48,37.67,0.81,2.1503,1724394.15,6615695.422
000792.SZ,20210914,37.64,38.88,36.36,37.67,38.11,-0.44,-1.1546,1479566.73,5571424.651
000792.SZ,20210913,37.0,38.52,36.0,38.11,36.95,1.16,3.1394,1467189.92,5486136.862
000792.SZ,20210910,38.3,38.38,35.7,36.95,38.27,-1.32,-3.4492,1656317.19,6109065.213
000792.SZ,20210909,39.58,40.1,37.9,38.27,39.65,-1.38,-3.4805,1264961.23,4891900.158
000792.SZ,20210908,37.79,40.15,37.58,39.65,38.27,1.38,3.606,1680602.19,6604525.305
000792.SZ,20210907,38.0,39.23,37.42,38.27,38.37,-0.1,-0.2606,1103376.82,4259453.721
000792.SZ,20210906,38.08,39.24,36.33,38.37,38.94,-0.57,-1.4638,1256357.08,4740706.228
000792.SZ,20210903,40.5,41.4,37.69,38.94,41.5,-2.56,-6.1687,1726173.44,6787001.37
000792.SZ,20210902,39.95,41.58,39.66,41.5,39.95,1.55,3.8798,1786220.42,7285217.193
000792.SZ,20210901,39.79,42.3,37.93,39.95,39.81,0.14,0.3517,2016802.69,8140712.227
000792.SZ,20210831,39.01,40.44,37.7,39.81,40.15,-0.34,-0.8468,1822993.9,7115829.999
000792.SZ,20210830,41.44,44.1,39.7,40.15,42.29,-2.14,-5.0603,2663305.52,11098233.533
000792.SZ,20210827,40.73,43.26,39.87,42.29,41.26,1.03,2.4964,1861904.32,7792606.402
000792.SZ,20210826,41.2,44.98,41.03,41.26,41.74,-0.48,-1.15,2121103.77,9064013.262
000792.SZ,20210825,42.5,42.87,40.02,41.74,42.88,-1.14,-2.6586,2061593.41,8522157.357
000792.SZ,20210824,42.8,44.83,42.38,42.88,43.76,-0.88,-2.011,2227105.04,9656360.839
000792.SZ,20210823,42.32,45.65,41.48,43.76,41.5,2.26,5.4458,3616195.23,15744340.523
000792.SZ,20210820,37.22,41.5,36.15,41.5,37.73,3.77,9.992,2823275.54,10923712.454
000792.SZ,20210819,35.79,38.98,34.89,37.73,36.4,1.33,3.6538,2550002.18,9455144.629
000792.SZ,20210818,35.28,37.05,34.35,36.4,34.2,2.2,6.4327,2153736.91,7708306.491
000792.SZ,20210817,33.87,36.0,33.8,34.2,34.65,-0.45,-1.2987,1952496.19,6849716.257
000792.SZ,20210816,36.65,36.95,34.01,34.65,37.32,-2.67,-7.1543,2273834.71,8043226.532
000792.SZ,20210813,35.5,39.12,34.88,37.32,36.17,1.15,3.1794,4563746.67,17080532.676
000792.SZ,20210812,32.9,36.17,31.32,36.17,32.88,3.29,10.0061,4710388.54,15915163.322
000792.SZ,20210811,34.0,35.2,32.7,32.88,35.9,-3.02,-8.4123,4030909.39,13589231.799
000792.SZ,20210810,39.22,43.9,32.41,35.9,8.84,27.06,306.1086,7852460.69,29924287.28
000792.SZ,20200429,9.09,9.09,8.76,8.84,9.04,-0.2,-2.2124,332693.77,296434.463
000792.SZ,20200428,9.22,9.27,9.03,9.04,9.18,-0.14,-1.5251,177742.33,162710.766
000792.SZ,20200427,9.07,9.25,9.05,9.18,9.07,0.11,1.2128,162535.7,149000.15
000792.SZ,20200424,9.42,9.5,8.99,9.07,9.41,-0.34,-3.6132,225077.39,205089.12
000792.SZ,20200423,9.8,9.86,9.4,9.41,9.77,-0.36,-3.6847,205101.14,196875.141
000792.SZ,20200422,9.66,9.85,9.58,9.77,9.69,0.08,0.8256,109299.18,106278.53
000792.SZ,20200421,9.73,9.74,9.55,9.69,9.65,0.04,0.4145,76832.23,74141.998
000792.SZ,20200420,9.53,9.78,9.51,9.65,9.54,0.11,1.153,91351.23,87857.921
000792.SZ,20200417,9.7,9.71,9.5,9.54,9.6,-0.06,-0.625,73768.01,70528.828
000792.SZ,20200416,9.46,9.75,9.42,9.6,9.57,0.03,0.3135,85846.11,82656.236
000792.SZ,20200415,9.99,10.03,9.48,9.57,9.98,-0.41,-4.1082,210369.9,203189.701
000792.SZ,20200414,10.05,10.07,9.92,9.98,10.01,-0.03,-0.2997,84124.29,83929.331
000792.SZ,20200413,9.96,10.06,9.82,10.01,9.96,0.05,0.502,105973.95,105663.323
000792.SZ,20200410,9.7,10.1,9.7,9.96,9.82,0.14,1.4257,118943.15,118081.904
000792.SZ,20200409,9.85,9.86,9.67,9.82,9.8,0.02,0.2041,80616.59,78498.143
000792.SZ,20200408,9.52,9.83,9.52,9.8,9.65,0.15,1.5544,100594.08,98199.75
000792.SZ,20200407,9.47,9.69,9.38,9.65,9.38,0.27,2.8785,144789.11,138262.036
000792.SZ,20200403,9.22,9.44,9.18,9.38,9.25,0.13,1.4054,111292.58,104070.14
000792.SZ,20200402,9.1,9.26,9.06,9.25,9.17,0.08,0.8724,99499.95,91204.234
000792.SZ,20200401,9.36,9.36,9.07,9.17,8.91,0.26,2.9181,270833.75,251007.848
000792.SZ,20200331,8.31,8.91,8.31,8.91,8.49,0.42,4.947,66184.62,56526.333
000792.SZ,20200330,8.86,8.86,8.47,8.49,8.92,-0.43,-4.8206,135690.16,116661.94
000792.SZ,20200327,9.21,9.23,8.9,8.92,9.16,-0.24,-2.6201,108575.05,97740.142
000792.SZ,20200326,8.97,9.37,8.97,9.16,9.08,0.08,0.8811,118104.14,108734.596
000792.SZ,20200325,9.2,9.25,8.99,9.08,8.92,0.16,1.7937,118302.35,107653.093
000792.SZ,20200324,8.91,8.99,8.63,8.92,8.79,0.13,1.479,106116.62,93942.755
000792.SZ,20200323,9.0,9.04,8.79,8.79,9.25,-0.46,-4.973,142553.62,126539.026
000792.SZ,20200320,9.35,9.38,9.15,9.25,9.18,0.07,0.7625,94206.13,87028.734
000792.SZ,20200319,9.52,9.55,9.03,9.18,9.5,-0.32,-3.3684,167904.2,154887.752
000792.SZ,20200318,9.74,9.86,9.48,9.5,9.64,-0.14,-1.4523,113282.96,109650.576
000792.SZ,20200317,9.69,9.85,9.28,9.64,9.68,-0.04,-0.4132,145698.8,139139.032
000792.SZ,20200316,9.75,10.07,9.61,9.68,9.72,-0.04,-0.4115,163845.74,160880.476
000792.SZ,20200313,9.55,9.85,9.45,9.72,9.95,-0.23,-2.3116,198481.39,190795.077
000792.SZ,20200312,9.9,10.13,9.84,9.95,10.05,-0.1,-0.995,131099.76,130523.491
000792.SZ,20200311,9.92,10.36,9.92,10.05,9.99,0.06,0.6006,133879.41,136336.163
000792.SZ,20200310,10.0,10.18,9.7,9.99,10.1,-0.11,-1.0891,210679.43,208913.724
000792.SZ,20200309,10.3,10.32,10.05,10.1,10.42,-0.32,-3.071,174205.56,176551.332
000792.SZ,20200306,10.34,10.56,10.25,10.42,10.34,0.08,0.7737,102085.52,105957.44
000792.SZ,20200305,10.48,10.5,10.11,10.34,10.38,-0.04,-0.3854,168521.68,173197.259
000792.SZ,20200304,10.22,10.74,10.09,10.38,10.23,0.15,1.4663,320823.81,334564.685
000792.SZ,20200303,10.2,10.43,10.05,10.23,10.04,0.19,1.8924,285521.23,292781.879
000792.SZ,20200302,9.6,10.04,9.6,10.04,9.56,0.48,5.0209,288298.85,286749.305
000792.SZ,20200228,9.56,10.08,9.56,9.56,9.66,-0.1,-1.0352,348450.91,341957.685
000792.SZ,20200227,9.21,9.66,9.17,9.66,9.2,0.46,5.0,301750.36,287621.514
000792.SZ,20200226,9.06,9.24,9.03,9.2,9.13,0.07,0.7667,115700.22,106031.714
000792.SZ,20200225,9.07,9.21,9.0,9.13,9.23,-0.1,-1.0834,202717.54,184812.88
000792.SZ,20200224,9.1,9.36,9.02,9.23,9.21,0.02,0.2172,157465.92,144845.455
000792.SZ,20200221,9.22,9.3,9.17,9.21,9.25,-0.04,-0.4324,166692.23,153851.192
000792.SZ,20200220,9.26,9.36,9.09,9.25,9.24,0.01,0.1082,180309.11,166045.48
000792.SZ,20200219,9.38,9.48,9.19,9.24,9.29,-0.05,-0.5382,194914.85,181070.017
000792.SZ,20200218,8.9,9.33,8.87,9.29,8.96,0.33,3.683,269247.52,247179.356
000792.SZ,20200217,8.93,9.03,8.85,8.96,8.81,0.15,1.7026,214246.04,191183.665
000792.SZ,20200214,8.58,8.83,8.52,8.81,8.58,0.23,2.6807,127401.55,110777.34
000792.SZ,20200213,8.8,8.82,8.54,8.58,8.73,-0.15,-1.7182,104553.68,90022.37
000792.SZ,20200212,8.52,8.88,8.52,8.73,8.51,0.22,2.5852,154785.44,134805.119
000792.SZ,20200211,8.06,8.51,8.06,8.51,8.1,0.41,5.0617,158579.7,133755.331
000792.SZ,20200210,8.05,8.12,8.01,8.1,8.06,0.04,0.4963,111953.77,90359.154
000792.SZ,20200207,8.1,8.21,8.0,8.06,8.02,0.04,0.4988,120088.09,97164.283
000792.SZ,20200206,7.87,8.02,7.78,8.02,7.86,0.16,2.0356,142525.93,112914.267
000792.SZ,20200205,7.74,7.94,7.72,7.86,7.75,0.11,1.4194,202096.19,159020.534
000792.SZ,20200204,7.66,8.01,7.66,7.75,8.06,-0.31,-3.8462,481118.33,371676.464
000792.SZ,20200203,8.06,8.06,8.06,8.06,8.48,-0.42,-4.9528,26538.0,21389.628
000792.SZ,20200123,8.6,8.71,8.42,8.48,8.59,-0.11,-1.2806,162644.35,138630.859
000792.SZ,20200122,8.8,8.84,8.45,8.59,8.84,-0.25,-2.8281,162965.1,140743.531
000792.SZ,20200121,8.92,8.93,8.68,8.84,8.93,-0.09,-1.0078,124333.69,109454.641
000792.SZ,20200120,9.25,9.25,8.79,8.93,8.81,0.12,1.3621,346874.25,312996.664
000792.SZ,20200116,9.0,9.08,8.68,8.81,8.94,-0.13,-1.4541,298252.08,264352.038
000792.SZ,20200115,8.95,9.2,8.85,8.94,8.88,0.06,0.6757,375637.27,338509.93
000792.SZ,20200114,8.62,8.92,8.61,8.88,8.56,0.32,3.7383,374963.27,329937.416
000792.SZ,20200113,8.15,8.78,8.15,8.56,8.58,-0.02,-0.2331,534505.21,448843.503
000792.SZ,20200110,8.73,8.73,8.49,8.58,8.75,-0.17,-1.9429,159470.02,136880.684
000792.SZ,20200109,8.76,8.95,8.73,8.75,8.72,0.03,0.344,101815.51,89565.293
000792.SZ,20200108,8.79,8.86,8.71,8.72,8.8,-0.08,-0.9091,116993.5,102776.14
000792.SZ,20200107,8.68,8.95,8.61,8.8,8.7,0.1,1.1494,205923.99,181103.183
000792.SZ,20200106,8.45,8.8,8.3,8.7,8.63,0.07,0.8111,293889.29,249168.635
000792.SZ,20200103,8.9,8.98,8.59,8.63,9.0,-0.37,-4.1111,350582.16,306955.903
000792.SZ,20200102,9.24,9.24,8.83,9.0,8.8,0.2,2.2727,422312.86,381500.648
